/*
SQLyog Ultimate v12.09 (64 bit)
MySQL - 8.0.18 : Database - naicha
*********************************************************************
*/

/*!40101 SET NAMES utf8 */;

/*!40101 SET SQL_MODE=''*/;

/*!40014 SET @OLD_UNIQUE_CHECKS=@@UNIQUE_CHECKS, UNIQUE_CHECKS=0 */;
/*!40014 SET @OLD_FOREIGN_KEY_CHECKS=@@FOREIGN_KEY_CHECKS, FOREIGN_KEY_CHECKS=0 */;
/*!40101 SET @OLD_SQL_MODE=@@SQL_MODE, SQL_MODE='NO_AUTO_VALUE_ON_ZERO' */;
/*!40111 SET @OLD_SQL_NOTES=@@SQL_NOTES, SQL_NOTES=0 */;
CREATE DATABASE /*!32312 IF NOT EXISTS*/`naicha` /*!40100 DEFAULT CHARACTER SET utf8 */ /*!80016 DEFAULT ENCRYPTION='N' */;

USE `naicha`;

/*Table structure for table `goods` */

DROP TABLE IF EXISTS `goods`;

CREATE TABLE `goods` (
  `id` int(10) NOT NULL AUTO_INCREMENT,
  `goods_category_name` varchar(10) NOT NULL,
  `name` varchar(30) NOT NULL,
  `display_order` int(10) NOT NULL DEFAULT '0' COMMENT '显示次序',
  `default_price` int(10) unsigned NOT NULL DEFAULT '0' COMMENT '默认价格',
  `is_sell` tinyint(1) NOT NULL DEFAULT '1' COMMENT '是否在卖',
  `image` varchar(300) DEFAULT NULL COMMENT '商品图片',
  `description` varchar(100) DEFAULT '' COMMENT '描述',
  PRIMARY KEY (`id`)
) ENGINE=InnoDB AUTO_INCREMENT=73 DEFAULT CHARSET=utf8;

/*Data for the table `goods` */

insert  into `goods`(`id`,`goods_category_name`,`name`,`display_order`,`default_price`,`is_sell`,`image`,`description`) values (18,'小吃熟食','支付测试',0,10,1,'goodsImage-18.jpg','测试支付'),(19,'新鲜果茶','百香双重奏',1,1400,1,'goodsImage-19.jpg',''),(20,'新鲜果茶','杨枝甘露',2,1700,1,'goodsImage-20.jpg',''),(21,'新鲜果茶','芝士葡萄',3,1900,1,'goodsImage-21.jpg',''),(22,'新鲜果茶','蜂蜜柚子茶',4,1300,1,'goodsImage-22.jpg',''),(23,'新鲜果茶','茉香柠檬茶',5,1200,1,'goodsImage-23.jpg',''),(25,'风味奶茶','润土烤奶',1,1500,1,'goodsImage-25.jpg',''),(26,'风味奶茶','芋圆烤奶',2,1500,1,'goodsImage-26.jpg',''),(27,'风味奶茶','芋圆血糯米',3,1300,1,'goodsImage-27.jpg',''),(28,'风味奶茶','招牌奶茶',4,1200,1,'goodsImage-28.jpg',''),(29,'风味奶茶','布丁奶茶',5,1300,1,'goodsImage-29.jpg',''),(30,'风味奶茶','椰果奶茶',6,1100,1,'goodsImage-30.jpg',''),(31,'风味奶茶','珍珠奶茶',7,1100,1,'goodsImage-31.jpg',''),(33,'可可抹茶','芝士可可',5,1500,1,'goodsImage-33.jpg',''),(34,'可可抹茶','醇奶抹茶',10,1300,1,'goodsImage-34.jpg?random=3063',''),(35,'可可抹茶','超满足抹茶',15,1700,1,'goodsImage-35.jpg?random=9828?random=1998',''),(36,'可可抹茶','阿华田抹茶拿铁',25,1900,1,'goodsImage-36.jpg',''),(37,'可可抹茶','阿华田可可拿铁',30,1900,1,'goodsImage-37.jpg',''),(38,'牛乳茶','奥利奥奶茶',1,1600,1,'goodsImage-38.jpg?random=7899',''),(39,'牛乳茶','奶芙牛乳茶',10,1600,1,'goodsImage-39.jpg',''),(40,'牛乳茶','布丁芋奶露',30,1300,1,'goodsImage-40.jpg',''),(42,'纯享鲜茶','芝士茉莉',10,1300,1,'goodsImage-42.jpg',''),(43,'纯享鲜茶','锦上乌龙',20,1100,1,'goodsImage-43.jpg',''),(44,'纯享鲜茶','芝士乌龙',30,1400,1,'goodsImage-44.jpg',''),(45,'现磨咖啡','焦糖玛奇朵',10,2300,1,'goodsImage-45.jpg',''),(46,'现磨咖啡','拿铁咖啡',20,1900,1,'goodsImage-46.jpg',''),(47,'现磨咖啡','摩卡咖啡',30,2300,1,'goodsImage-47.jpg',''),(48,'现磨咖啡','卡布奇诺',40,2100,1,'goodsImage-48.jpg',''),(49,'现磨咖啡','美式咖啡',60,1700,1,'goodsImage-49.jpg',''),(50,'小吃熟食','鸡柳',10,400,1,'goodsImage-50.jpg?random=9799',''),(51,'小吃熟食','骨肉相连',20,400,1,'goodsImage-51.jpg?random=1113',''),(52,'小吃熟食','鸡米花',40,1100,1,'goodsImage-52.jpg?random=8268',''),(53,'小吃熟食','脆皮鸡',30,1100,1,'goodsImage-53.jpg?random=160',''),(54,'小吃熟食','大薯条',50,1100,1,'goodsImage-54.jpg?random=8288',''),(55,'小吃熟食','鸡块',70,1300,1,'goodsImage-55.jpg?random=7954?random=1010',''),(56,'小吃熟食','洋葱圈',80,1100,1,'goodsImage-56.jpg?random=7659',''),(57,'爆款推荐','蜂蜜柚子茶',10,1300,1,'goodsImage-57.jpg',''),(59,'爆款推荐','招牌奶茶',40,1200,1,'goodsImage-59.jpg',''),(60,'爆款推荐','茉香柠檬茶',30,1200,1,'goodsImage-60.jpg',''),(61,'爆款推荐','芝士葡萄',50,1900,1,'goodsImage-61.jpg',''),(62,'爆款推荐','草莓粉桃酪酪',60,1800,0,'goodsImage-62.jpg',''),(63,'爆款推荐','奶芙牛乳茶',70,1600,1,'goodsImage-63.jpg',''),(64,'爆款推荐','桃之夭夭',80,1900,0,'goodsImage-64.jpg',''),(66,'爆款推荐','杨枝甘露',100,1700,1,'goodsImage-66.jpg',''),(67,'可可抹茶','超满足可可',0,1600,1,'goodsImage-67.jpg',''),(68,'小吃熟食','双人套餐一',90,3300,1,'goodsImage-68.jpg','鸡块1份+鸡米花1份+洋葱圈1份+骨肉相连2串'),(69,'小吃熟食','双人套餐二',100,3300,1,'goodsImage-69.jpg','鸡锁骨1份+薯条1份+洋葱圈1份+骨肉相连2串'),(70,'小吃熟食','单人套餐一',110,1700,1,'goodsImage-70.jpg','鸡块半份+鸡米花半份+洋葱圈半份+骨肉相连1串'),(71,'小吃熟食','单人套餐二',120,1700,1,'goodsImage-71.jpg','鸡锁骨半份+薯条半份+洋葱圈半份+骨肉相连1串');

/*Table structure for table `goods_category` */

DROP TABLE IF EXISTS `goods_category`;

CREATE TABLE `goods_category` (
  `name` varchar(10) NOT NULL,
  `display_order` tinyint(1) DEFAULT '1' COMMENT '显示顺序',
  `show_status` tinyint(1) NOT NULL DEFAULT '1' COMMENT '是否显示',
  PRIMARY KEY (`name`)
) ENGINE=InnoDB DEFAULT CHARSET=utf8 COMMENT='商品类别';

/*Data for the table `goods_category` */

insert  into `goods_category`(`name`,`display_order`,`show_status`) values ('可可抹茶',30,1),('小吃熟食',70,1),('新鲜果茶',10,1),('爆款推荐',5,1),('牛乳茶',40,1),('现磨咖啡',60,1),('纯享鲜茶',50,1),('风味奶茶',20,1);

/*Table structure for table `goods_property` */

DROP TABLE IF EXISTS `goods_property`;

CREATE TABLE `goods_property` (
  `id` int(10) unsigned NOT NULL AUTO_INCREMENT,
  `goods_id` int(10) NOT NULL,
  `category` enum('大小','加料','温度','甜度','口味') NOT NULL COMMENT '内置的属性类型',
  `property_option` varchar(10) DEFAULT NULL COMMENT '可选项，eg: 常温',
  `is_default` tinyint(1) DEFAULT '0' COMMENT '是否作为默认选择',
  `rebase_price` int(10) DEFAULT NULL COMMENT '重置基础价格,只有选择大小属性时需要',
  `extra_price` int(10) NOT NULL DEFAULT '0' COMMENT '额外价格',
  PRIMARY KEY (`id`)
) ENGINE=InnoDB AUTO_INCREMENT=2727 DEFAULT CHARSET=utf8 COMMENT='商品属性，甜度，温度等';

/*Data for the table `goods_property` */

insert  into `goods_property`(`id`,`goods_id`,`category`,`property_option`,`is_default`,`rebase_price`,`extra_price`) values (1708,19,'大小','大',1,1400,0),(1709,19,'大小','中',0,1200,0),(1710,19,'甜度','无糖',1,NULL,0),(1711,19,'甜度','微糖',0,NULL,0),(1712,19,'甜度','半糖',0,NULL,0),(1713,19,'甜度','少糖',0,NULL,0),(1714,19,'甜度','正常甜',0,NULL,0),(1715,19,'甜度','全糖',0,NULL,0),(1718,19,'温度','冰',1,NULL,0),(1719,19,'温度','少冰',0,NULL,0),(1720,19,'温度','去冰',0,NULL,0),(1721,19,'加料','布丁',0,NULL,200),(1722,19,'加料','红豆',0,NULL,200),(1723,19,'加料','珍珠',0,NULL,200),(1724,19,'加料','西米',0,NULL,200),(1725,19,'加料','椰果',0,NULL,200),(1726,19,'加料','青稞',0,NULL,200),(1727,19,'加料','芋圆',0,NULL,200),(1728,19,'加料','血糯米',0,NULL,200),(1730,20,'大小','中',1,1700,0),(1731,20,'甜度','无糖',1,NULL,0),(1732,20,'甜度','微糖',0,NULL,0),(1733,20,'甜度','半糖',0,NULL,0),(1734,20,'甜度','少糖',0,NULL,0),(1735,20,'甜度','正常甜',0,NULL,0),(1736,20,'甜度','全糖',0,NULL,0),(1739,20,'温度','冰',1,NULL,0),(1742,20,'加料','布丁',0,NULL,200),(1743,20,'加料','红豆',0,NULL,200),(1744,20,'加料','珍珠',0,NULL,200),(1745,20,'加料','西米',0,NULL,200),(1746,20,'加料','椰果',0,NULL,200),(1747,20,'加料','青稞',0,NULL,200),(1748,20,'加料','芋圆',0,NULL,200),(1749,20,'加料','血糯米',0,NULL,200),(1750,21,'大小','大',1,1900,0),(1752,21,'甜度','无糖',1,NULL,0),(1753,21,'甜度','微糖',0,NULL,0),(1754,21,'甜度','半糖',0,NULL,0),(1755,21,'甜度','少糖',0,NULL,0),(1756,21,'甜度','正常甜',0,NULL,0),(1757,21,'甜度','全糖',0,NULL,0),(1760,21,'温度','冰',1,NULL,0),(1763,21,'加料','布丁',0,NULL,200),(1764,21,'加料','红豆',0,NULL,200),(1765,21,'加料','珍珠',0,NULL,200),(1766,21,'加料','西米',0,NULL,200),(1767,21,'加料','椰果',0,NULL,200),(1768,21,'加料','青稞',0,NULL,200),(1769,21,'加料','芋圆',0,NULL,200),(1770,21,'加料','血糯米',0,NULL,200),(1771,22,'大小','大',1,1300,0),(1773,22,'甜度','无糖',1,NULL,0),(1774,22,'甜度','微糖',0,NULL,0),(1775,22,'甜度','半糖',0,NULL,0),(1776,22,'甜度','少糖',0,NULL,0),(1777,22,'甜度','正常甜',0,NULL,0),(1778,22,'甜度','全糖',0,NULL,0),(1780,22,'温度','热',1,NULL,0),(1781,22,'温度','冰',0,NULL,0),(1782,22,'温度','少冰',0,NULL,0),(1783,22,'温度','去冰',0,NULL,0),(1784,22,'加料','布丁',0,NULL,200),(1785,22,'加料','红豆',0,NULL,200),(1786,22,'加料','珍珠',0,NULL,200),(1787,22,'加料','西米',0,NULL,200),(1788,22,'加料','椰果',0,NULL,200),(1789,22,'加料','青稞',0,NULL,200),(1790,22,'加料','芋圆',0,NULL,200),(1791,22,'加料','血糯米',0,NULL,200),(1792,23,'大小','大',1,1200,0),(1794,23,'甜度','无糖',1,NULL,0),(1795,23,'甜度','微糖',0,NULL,0),(1796,23,'甜度','半糖',0,NULL,0),(1797,23,'甜度','少糖',0,NULL,0),(1798,23,'甜度','正常甜',0,NULL,0),(1799,23,'甜度','全糖',0,NULL,0),(1802,23,'温度','冰',1,NULL,0),(1803,23,'温度','少冰',0,NULL,0),(1804,23,'温度','去冰',0,NULL,0),(1805,23,'加料','布丁',0,NULL,200),(1806,23,'加料','红豆',0,NULL,200),(1807,23,'加料','珍珠',0,NULL,200),(1808,23,'加料','西米',0,NULL,200),(1809,23,'加料','椰果',0,NULL,200),(1810,23,'加料','青稞',0,NULL,200),(1811,23,'加料','芋圆',0,NULL,200),(1812,23,'加料','血糯米',0,NULL,200),(1813,24,'大小','大',1,1700,0),(1815,24,'甜度','无糖',1,NULL,0),(1816,24,'甜度','微糖',0,NULL,0),(1817,24,'甜度','半糖',0,NULL,0),(1818,24,'甜度','少糖',0,NULL,0),(1819,24,'甜度','正常甜',0,NULL,0),(1820,24,'甜度','全糖',0,NULL,0),(1822,24,'温度','热',0,NULL,0),(1823,24,'温度','冰',1,NULL,0),(1824,24,'温度','少冰',0,NULL,0),(1825,24,'温度','去冰',0,NULL,0),(1826,24,'加料','布丁',0,NULL,200),(1827,24,'加料','红豆',0,NULL,200),(1828,24,'加料','珍珠',0,NULL,200),(1829,24,'加料','西米',0,NULL,200),(1830,24,'加料','椰果',0,NULL,200),(1831,24,'加料','青稞',0,NULL,200),(1832,24,'加料','芋圆',0,NULL,200),(1833,24,'加料','血糯米',0,NULL,200),(1834,25,'大小','大',1,1500,0),(1835,25,'大小','中',0,1300,0),(1836,25,'甜度','无糖',1,NULL,0),(1837,25,'甜度','微糖',0,NULL,0),(1838,25,'甜度','半糖',0,NULL,0),(1839,25,'甜度','少糖',0,NULL,0),(1840,25,'甜度','正常甜',0,NULL,0),(1841,25,'甜度','全糖',0,NULL,0),(1842,25,'温度','常温',1,NULL,0),(1843,25,'温度','热',0,NULL,0),(1844,25,'温度','冰',0,NULL,0),(1845,25,'温度','少冰',0,NULL,0),(1846,25,'温度','去冰',0,NULL,0),(1847,25,'加料','布丁',0,NULL,200),(1848,25,'加料','红豆',0,NULL,200),(1849,25,'加料','珍珠',0,NULL,200),(1850,25,'加料','西米',0,NULL,200),(1851,25,'加料','椰果',0,NULL,200),(1852,25,'加料','青稞',0,NULL,200),(1853,25,'加料','芋圆',0,NULL,200),(1854,25,'加料','血糯米',0,NULL,200),(1855,26,'大小','大',1,1500,0),(1856,26,'大小','中',0,1300,0),(1857,26,'甜度','无糖',1,NULL,0),(1858,26,'甜度','微糖',0,NULL,0),(1859,26,'甜度','半糖',0,NULL,0),(1860,26,'甜度','少糖',0,NULL,0),(1861,26,'甜度','正常甜',0,NULL,0),(1862,26,'甜度','全糖',0,NULL,0),(1863,26,'温度','常温',1,NULL,0),(1864,26,'温度','热',0,NULL,0),(1865,26,'温度','冰',0,NULL,0),(1866,26,'温度','少冰',0,NULL,0),(1867,26,'温度','去冰',0,NULL,0),(1868,26,'加料','布丁',0,NULL,200),(1869,26,'加料','红豆',0,NULL,200),(1870,26,'加料','珍珠',0,NULL,200),(1871,26,'加料','西米',0,NULL,200),(1872,26,'加料','椰果',0,NULL,200),(1873,26,'加料','青稞',0,NULL,200),(1874,26,'加料','芋圆',0,NULL,200),(1875,26,'加料','血糯米',0,NULL,200),(1876,27,'大小','大',1,1300,0),(1877,27,'大小','中',0,1100,0),(1878,27,'甜度','无糖',1,NULL,0),(1879,27,'甜度','微糖',0,NULL,0),(1880,27,'甜度','半糖',0,NULL,0),(1881,27,'甜度','少糖',0,NULL,0),(1882,27,'甜度','正常甜',0,NULL,0),(1883,27,'甜度','全糖',0,NULL,0),(1884,27,'温度','常温',1,NULL,0),(1885,27,'温度','热',0,NULL,0),(1886,27,'温度','冰',0,NULL,0),(1887,27,'温度','少冰',0,NULL,0),(1888,27,'温度','去冰',0,NULL,0),(1889,27,'加料','布丁',0,NULL,200),(1890,27,'加料','红豆',0,NULL,200),(1891,27,'加料','珍珠',0,NULL,200),(1892,27,'加料','西米',0,NULL,200),(1893,27,'加料','椰果',0,NULL,200),(1894,27,'加料','青稞',0,NULL,200),(1895,27,'加料','芋圆',0,NULL,200),(1896,27,'加料','血糯米',0,NULL,200),(1897,28,'大小','大',1,1200,0),(1898,28,'大小','中',0,1000,0),(1899,28,'甜度','无糖',1,NULL,0),(1900,28,'甜度','微糖',0,NULL,0),(1901,28,'甜度','半糖',0,NULL,0),(1902,28,'甜度','少糖',0,NULL,0),(1903,28,'甜度','正常甜',0,NULL,0),(1904,28,'甜度','全糖',0,NULL,0),(1905,28,'温度','常温',1,NULL,0),(1906,28,'温度','热',0,NULL,0),(1907,28,'温度','冰',0,NULL,0),(1908,28,'温度','少冰',0,NULL,0),(1909,28,'温度','去冰',0,NULL,0),(1910,28,'加料','布丁',0,NULL,200),(1911,28,'加料','红豆',0,NULL,200),(1912,28,'加料','珍珠',0,NULL,200),(1913,28,'加料','西米',0,NULL,200),(1914,28,'加料','椰果',0,NULL,200),(1915,28,'加料','青稞',0,NULL,200),(1916,28,'加料','芋圆',0,NULL,200),(1917,28,'加料','血糯米',0,NULL,200),(1918,29,'大小','大',1,1300,0),(1919,29,'大小','中',0,1100,0),(1920,29,'甜度','无糖',1,NULL,0),(1921,29,'甜度','微糖',0,NULL,0),(1922,29,'甜度','半糖',0,NULL,0),(1923,29,'甜度','少糖',0,NULL,0),(1924,29,'甜度','正常甜',0,NULL,0),(1925,29,'甜度','全糖',0,NULL,0),(1926,29,'温度','常温',1,NULL,0),(1927,29,'温度','热',0,NULL,0),(1928,29,'温度','冰',0,NULL,0),(1929,29,'温度','少冰',0,NULL,0),(1930,29,'温度','去冰',0,NULL,0),(1931,29,'加料','布丁',0,NULL,200),(1932,29,'加料','红豆',0,NULL,200),(1933,29,'加料','珍珠',0,NULL,200),(1934,29,'加料','西米',0,NULL,200),(1935,29,'加料','椰果',0,NULL,200),(1936,29,'加料','青稞',0,NULL,200),(1937,29,'加料','芋圆',0,NULL,200),(1938,29,'加料','血糯米',0,NULL,200),(1939,30,'大小','大',1,1100,0),(1940,30,'大小','中',0,900,0),(1941,30,'甜度','无糖',1,NULL,0),(1942,30,'甜度','微糖',0,NULL,0),(1943,30,'甜度','半糖',0,NULL,0),(1944,30,'甜度','少糖',0,NULL,0),(1945,30,'甜度','正常甜',0,NULL,0),(1946,30,'甜度','全糖',0,NULL,0),(1947,30,'温度','常温',1,NULL,0),(1948,30,'温度','热',0,NULL,0),(1949,30,'温度','冰',0,NULL,0),(1950,30,'温度','少冰',0,NULL,0),(1951,30,'温度','去冰',0,NULL,0),(1952,30,'加料','布丁',0,NULL,200),(1953,30,'加料','红豆',0,NULL,200),(1954,30,'加料','珍珠',0,NULL,200),(1955,30,'加料','西米',0,NULL,200),(1956,30,'加料','椰果',0,NULL,200),(1957,30,'加料','青稞',0,NULL,200),(1958,30,'加料','芋圆',0,NULL,200),(1959,30,'加料','血糯米',0,NULL,200),(1960,31,'大小','大',1,1100,0),(1961,31,'大小','中',0,900,0),(1962,31,'甜度','无糖',1,NULL,0),(1963,31,'甜度','微糖',0,NULL,0),(1964,31,'甜度','半糖',0,NULL,0),(1965,31,'甜度','少糖',0,NULL,0),(1966,31,'甜度','正常甜',0,NULL,0),(1967,31,'甜度','全糖',0,NULL,0),(1968,31,'温度','常温',1,NULL,0),(1969,31,'温度','热',0,NULL,0),(1970,31,'温度','冰',0,NULL,0),(1971,31,'温度','少冰',0,NULL,0),(1972,31,'温度','去冰',0,NULL,0),(1973,31,'加料','布丁',0,NULL,200),(1974,31,'加料','红豆',0,NULL,200),(1975,31,'加料','珍珠',0,NULL,200),(1976,31,'加料','西米',0,NULL,200),(1977,31,'加料','椰果',0,NULL,200),(1978,31,'加料','青稞',0,NULL,200),(1979,31,'加料','芋圆',0,NULL,200),(1980,31,'加料','血糯米',0,NULL,200),(1982,32,'大小','中',1,1500,0),(1983,32,'甜度','无糖',0,NULL,0),(1984,32,'甜度','微糖',0,NULL,0),(1985,32,'甜度','半糖',0,NULL,0),(1986,32,'甜度','少糖',0,NULL,0),(1987,32,'甜度','正常甜',1,NULL,0),(1988,32,'甜度','全糖',0,NULL,0),(1989,32,'温度','常温',1,NULL,0),(1990,32,'温度','热',0,NULL,0),(1991,32,'温度','冰',0,NULL,0),(1992,32,'温度','少冰',0,NULL,0),(1993,32,'温度','去冰',0,NULL,0),(1994,32,'加料','布丁',0,NULL,200),(1995,32,'加料','红豆',0,NULL,200),(1996,32,'加料','珍珠',0,NULL,200),(1997,32,'加料','西米',0,NULL,200),(1998,32,'加料','椰果',0,NULL,200),(1999,32,'加料','青稞',0,NULL,200),(2000,32,'加料','芋圆',0,NULL,200),(2001,32,'加料','血糯米',0,NULL,200),(2003,33,'大小','中',1,1500,0),(2004,33,'甜度','无糖',0,NULL,0),(2005,33,'甜度','微糖',0,NULL,0),(2006,33,'甜度','半糖',1,NULL,0),(2007,33,'甜度','少糖',0,NULL,0),(2008,33,'甜度','正常甜',0,NULL,0),(2009,33,'甜度','全糖',0,NULL,0),(2010,33,'温度','常温',1,NULL,0),(2011,33,'温度','热',0,NULL,0),(2012,33,'温度','冰',0,NULL,0),(2013,33,'温度','少冰',0,NULL,0),(2014,33,'温度','去冰',0,NULL,0),(2015,33,'加料','布丁',0,NULL,200),(2016,33,'加料','红豆',0,NULL,200),(2017,33,'加料','珍珠',0,NULL,200),(2018,33,'加料','西米',0,NULL,200),(2019,33,'加料','椰果',0,NULL,200),(2020,33,'加料','青稞',0,NULL,200),(2021,33,'加料','芋圆',0,NULL,200),(2022,33,'加料','血糯米',0,NULL,200),(2024,34,'大小','中',1,1300,0),(2025,34,'甜度','无糖',0,NULL,0),(2026,34,'甜度','微糖',0,NULL,0),(2027,34,'甜度','半糖',0,NULL,0),(2028,34,'甜度','少糖',0,NULL,0),(2029,34,'甜度','正常甜',1,NULL,0),(2030,34,'甜度','全糖',0,NULL,0),(2031,34,'温度','常温',1,NULL,0),(2032,34,'温度','热',0,NULL,0),(2033,34,'温度','冰',0,NULL,0),(2034,34,'温度','少冰',0,NULL,0),(2035,34,'温度','去冰',0,NULL,0),(2036,34,'加料','布丁',0,NULL,200),(2037,34,'加料','红豆',0,NULL,200),(2038,34,'加料','珍珠',0,NULL,200),(2039,34,'加料','西米',0,NULL,200),(2040,34,'加料','椰果',0,NULL,200),(2041,34,'加料','青稞',0,NULL,200),(2042,34,'加料','芋圆',0,NULL,200),(2043,34,'加料','血糯米',0,NULL,200),(2044,35,'大小','大',1,1700,0),(2046,35,'甜度','无糖',0,NULL,0),(2047,35,'甜度','微糖',0,NULL,0),(2048,35,'甜度','半糖',0,NULL,0),(2049,35,'甜度','少糖',0,NULL,0),(2050,35,'甜度','正常甜',1,NULL,0),(2051,35,'甜度','全糖',0,NULL,0),(2052,35,'温度','常温',1,NULL,0),(2053,35,'温度','热',0,NULL,0),(2054,35,'温度','冰',0,NULL,0),(2055,35,'温度','少冰',0,NULL,0),(2056,35,'温度','去冰',0,NULL,0),(2057,35,'加料','布丁',0,NULL,200),(2058,35,'加料','红豆',0,NULL,200),(2059,35,'加料','珍珠',0,NULL,200),(2060,35,'加料','西米',0,NULL,200),(2061,35,'加料','椰果',0,NULL,200),(2062,35,'加料','青稞',0,NULL,200),(2063,35,'加料','芋圆',0,NULL,200),(2064,35,'加料','血糯米',0,NULL,200),(2066,36,'大小','中',1,1900,0),(2067,36,'甜度','无糖',0,NULL,0),(2068,36,'甜度','微糖',0,NULL,0),(2069,36,'甜度','半糖',0,NULL,0),(2070,36,'甜度','少糖',0,NULL,0),(2071,36,'甜度','正常甜',1,NULL,0),(2072,36,'甜度','全糖',0,NULL,0),(2073,36,'温度','常温',1,NULL,0),(2074,36,'温度','热',0,NULL,0),(2075,36,'温度','冰',0,NULL,0),(2076,36,'温度','少冰',0,NULL,0),(2077,36,'温度','去冰',0,NULL,0),(2078,36,'加料','布丁',0,NULL,200),(2079,36,'加料','红豆',0,NULL,200),(2080,36,'加料','珍珠',0,NULL,200),(2081,36,'加料','西米',0,NULL,200),(2082,36,'加料','椰果',0,NULL,200),(2083,36,'加料','青稞',0,NULL,200),(2084,36,'加料','芋圆',0,NULL,200),(2085,36,'加料','血糯米',0,NULL,200),(2087,37,'大小','中',1,1900,0),(2088,37,'甜度','无糖',0,NULL,0),(2089,37,'甜度','微糖',0,NULL,0),(2090,37,'甜度','半糖',0,NULL,0),(2091,37,'甜度','少糖',0,NULL,0),(2092,37,'甜度','正常甜',1,NULL,0),(2093,37,'甜度','全糖',0,NULL,0),(2094,37,'温度','常温',1,NULL,0),(2095,37,'温度','热',0,NULL,0),(2096,37,'温度','冰',0,NULL,0),(2097,37,'温度','少冰',0,NULL,0),(2098,37,'温度','去冰',0,NULL,0),(2099,37,'加料','布丁',0,NULL,200),(2100,37,'加料','红豆',0,NULL,200),(2101,37,'加料','珍珠',0,NULL,200),(2102,37,'加料','西米',0,NULL,200),(2103,37,'加料','椰果',0,NULL,200),(2104,37,'加料','青稞',0,NULL,200),(2105,37,'加料','芋圆',0,NULL,200),(2106,37,'加料','血糯米',0,NULL,200),(2108,38,'大小','中',1,1600,0),(2109,38,'甜度','无糖',1,NULL,0),(2110,38,'甜度','微糖',0,NULL,0),(2111,38,'甜度','半糖',0,NULL,0),(2112,38,'甜度','少糖',0,NULL,0),(2113,38,'甜度','正常甜',0,NULL,0),(2114,38,'甜度','全糖',0,NULL,0),(2115,38,'温度','常温',1,NULL,0),(2116,38,'温度','热',0,NULL,0),(2117,38,'温度','冰',0,NULL,0),(2118,38,'温度','少冰',0,NULL,0),(2119,38,'温度','去冰',0,NULL,0),(2120,38,'加料','布丁',0,NULL,200),(2121,38,'加料','红豆',0,NULL,200),(2122,38,'加料','珍珠',0,NULL,200),(2123,38,'加料','西米',0,NULL,200),(2124,38,'加料','椰果',0,NULL,200),(2125,38,'加料','青稞',0,NULL,200),(2126,38,'加料','芋圆',0,NULL,200),(2127,38,'加料','血糯米',0,NULL,200),(2129,39,'大小','中',1,1600,0),(2130,39,'甜度','无糖',1,NULL,0),(2131,39,'甜度','微糖',0,NULL,0),(2132,39,'甜度','半糖',0,NULL,0),(2133,39,'甜度','少糖',0,NULL,0),(2134,39,'甜度','正常甜',0,NULL,0),(2135,39,'甜度','全糖',0,NULL,0),(2136,39,'温度','常温',1,NULL,0),(2137,39,'温度','热',0,NULL,0),(2138,39,'温度','冰',0,NULL,0),(2139,39,'温度','少冰',0,NULL,0),(2140,39,'温度','去冰',0,NULL,0),(2141,39,'加料','布丁',0,NULL,200),(2142,39,'加料','红豆',0,NULL,200),(2143,39,'加料','珍珠',0,NULL,200),(2144,39,'加料','西米',0,NULL,200),(2145,39,'加料','椰果',0,NULL,200),(2146,39,'加料','青稞',0,NULL,200),(2147,39,'加料','芋圆',0,NULL,200),(2148,39,'加料','血糯米',0,NULL,200),(2149,40,'大小','大',1,1300,0),(2150,40,'大小','中',0,1100,0),(2151,40,'甜度','无糖',1,NULL,0),(2152,40,'甜度','微糖',0,NULL,0),(2153,40,'甜度','半糖',0,NULL,0),(2154,40,'甜度','少糖',0,NULL,0),(2155,40,'甜度','正常甜',0,NULL,0),(2156,40,'甜度','全糖',0,NULL,0),(2157,40,'温度','常温',1,NULL,0),(2158,40,'温度','热',0,NULL,0),(2159,40,'温度','冰',0,NULL,0),(2160,40,'温度','少冰',0,NULL,0),(2161,40,'温度','去冰',0,NULL,0),(2162,40,'加料','布丁',0,NULL,200),(2163,40,'加料','红豆',0,NULL,200),(2164,40,'加料','珍珠',0,NULL,200),(2165,40,'加料','西米',0,NULL,200),(2166,40,'加料','椰果',0,NULL,200),(2167,40,'加料','青稞',0,NULL,200),(2168,40,'加料','芋圆',0,NULL,200),(2169,40,'加料','血糯米',0,NULL,200),(2170,41,'大小','大',1,2000,0),(2171,41,'大小','中',0,1700,0),(2172,41,'甜度','无糖',1,NULL,0),(2173,41,'甜度','微糖',0,NULL,0),(2174,41,'甜度','半糖',0,NULL,0),(2175,41,'甜度','少糖',0,NULL,0),(2176,41,'甜度','正常甜',0,NULL,0),(2177,41,'甜度','全糖',0,NULL,0),(2178,41,'温度','常温',1,NULL,0),(2179,41,'温度','热',0,NULL,0),(2180,41,'温度','冰',0,NULL,0),(2181,41,'温度','少冰',0,NULL,0),(2182,41,'温度','去冰',0,NULL,0),(2183,41,'加料','布丁',0,NULL,200),(2184,41,'加料','红豆',0,NULL,200),(2185,41,'加料','珍珠',0,NULL,200),(2186,41,'加料','西米',0,NULL,200),(2187,41,'加料','椰果',0,NULL,200),(2188,41,'加料','青稞',0,NULL,200),(2189,41,'加料','芋圆',0,NULL,200),(2190,41,'加料','血糯米',0,NULL,200),(2191,42,'大小','大',0,1500,0),(2192,42,'大小','中',1,1300,0),(2193,42,'甜度','无糖',1,NULL,0),(2194,42,'甜度','微糖',0,NULL,0),(2195,42,'甜度','半糖',0,NULL,0),(2196,42,'甜度','少糖',0,NULL,0),(2197,42,'甜度','正常甜',0,NULL,0),(2198,42,'甜度','全糖',0,NULL,0),(2201,42,'温度','冰',1,NULL,0),(2202,42,'温度','少冰',0,NULL,0),(2203,42,'温度','去冰',0,NULL,0),(2204,42,'加料','布丁',0,NULL,200),(2205,42,'加料','红豆',0,NULL,200),(2206,42,'加料','珍珠',0,NULL,200),(2207,42,'加料','西米',0,NULL,200),(2208,42,'加料','椰果',0,NULL,200),(2209,42,'加料','青稞',0,NULL,200),(2210,42,'加料','芋圆',0,NULL,200),(2211,42,'加料','血糯米',0,NULL,200),(2212,43,'大小','大',1,1100,0),(2214,43,'甜度','无糖',1,NULL,0),(2215,43,'甜度','微糖',0,NULL,0),(2216,43,'甜度','半糖',0,NULL,0),(2217,43,'甜度','少糖',0,NULL,0),(2218,43,'甜度','正常甜',0,NULL,0),(2219,43,'甜度','全糖',0,NULL,0),(2220,43,'温度','常温',1,NULL,0),(2221,43,'温度','热',0,NULL,0),(2222,43,'温度','冰',0,NULL,0),(2223,43,'温度','少冰',0,NULL,0),(2224,43,'温度','去冰',0,NULL,0),(2225,43,'加料','布丁',0,NULL,200),(2226,43,'加料','红豆',0,NULL,200),(2227,43,'加料','珍珠',0,NULL,200),(2228,43,'加料','西米',0,NULL,200),(2229,43,'加料','椰果',0,NULL,200),(2230,43,'加料','青稞',0,NULL,200),(2231,43,'加料','芋圆',0,NULL,200),(2232,43,'加料','血糯米',0,NULL,200),(2233,44,'大小','大',1,1400,0),(2234,44,'大小','中',0,1200,0),(2235,44,'甜度','无糖',1,NULL,0),(2236,44,'甜度','微糖',0,NULL,0),(2237,44,'甜度','半糖',0,NULL,0),(2238,44,'甜度','少糖',0,NULL,0),(2239,44,'甜度','正常甜',0,NULL,0),(2240,44,'甜度','全糖',0,NULL,0),(2241,44,'温度','常温',1,NULL,0),(2242,44,'温度','热',0,NULL,0),(2243,44,'温度','冰',0,NULL,0),(2244,44,'温度','少冰',0,NULL,0),(2245,44,'温度','去冰',0,NULL,0),(2246,44,'加料','布丁',0,NULL,200),(2247,44,'加料','红豆',0,NULL,200),(2248,44,'加料','珍珠',0,NULL,200),(2249,44,'加料','西米',0,NULL,200),(2250,44,'加料','椰果',0,NULL,200),(2251,44,'加料','青稞',0,NULL,200),(2252,44,'加料','芋圆',0,NULL,200),(2253,44,'加料','血糯米',0,NULL,200),(2255,45,'大小','中',1,2300,0),(2263,45,'温度','热',1,NULL,0),(2264,45,'温度','冰',0,NULL,0),(2276,46,'大小','中',1,1900,0),(2284,46,'温度','热',1,NULL,0),(2285,46,'温度','冰',0,NULL,0),(2288,46,'加料','布丁',0,NULL,200),(2289,46,'加料','红豆',0,NULL,200),(2290,46,'加料','珍珠',0,NULL,200),(2291,46,'加料','西米',0,NULL,200),(2292,46,'加料','椰果',0,NULL,200),(2293,46,'加料','青稞',0,NULL,200),(2294,46,'加料','芋圆',0,NULL,200),(2295,46,'加料','血糯米',0,NULL,200),(2297,47,'大小','中',1,2300,0),(2305,47,'温度','热',1,NULL,0),(2306,47,'温度','冰',0,NULL,0),(2309,47,'加料','布丁',0,NULL,200),(2310,47,'加料','红豆',0,NULL,200),(2311,47,'加料','珍珠',0,NULL,200),(2312,47,'加料','西米',0,NULL,200),(2313,47,'加料','椰果',0,NULL,200),(2314,47,'加料','青稞',0,NULL,200),(2315,47,'加料','芋圆',0,NULL,200),(2316,47,'加料','血糯米',0,NULL,200),(2318,48,'大小','中',1,2100,0),(2326,48,'温度','热',1,NULL,0),(2327,48,'温度','冰',0,NULL,0),(2330,48,'加料','布丁',0,NULL,200),(2331,48,'加料','红豆',0,NULL,200),(2332,48,'加料','珍珠',0,NULL,200),(2333,48,'加料','西米',0,NULL,200),(2334,48,'加料','椰果',0,NULL,200),(2335,48,'加料','青稞',0,NULL,200),(2336,48,'加料','芋圆',0,NULL,200),(2337,48,'加料','血糯米',0,NULL,200),(2339,49,'大小','中',1,1700,0),(2347,49,'温度','热',1,NULL,0),(2348,49,'温度','冰',0,NULL,0),(2351,49,'加料','布丁',0,NULL,200),(2352,49,'加料','红豆',0,NULL,200),(2353,49,'加料','珍珠',0,NULL,200),(2354,49,'加料','西米',0,NULL,200),(2355,49,'加料','椰果',0,NULL,200),(2356,49,'加料','青稞',0,NULL,200),(2357,49,'加料','芋圆',0,NULL,200),(2358,49,'加料','血糯米',0,NULL,200),(2506,57,'大小','大',1,1300,0),(2508,57,'甜度','无糖',1,NULL,0),(2509,57,'甜度','微糖',0,NULL,0),(2510,57,'甜度','半糖',0,NULL,0),(2511,57,'甜度','少糖',0,NULL,0),(2512,57,'甜度','正常甜',0,NULL,0),(2513,57,'甜度','全糖',0,NULL,0),(2514,57,'温度','常温',1,NULL,0),(2515,57,'温度','热',0,NULL,0),(2516,57,'温度','冰',0,NULL,0),(2517,57,'温度','少冰',0,NULL,0),(2518,57,'温度','去冰',0,NULL,0),(2519,57,'加料','布丁',0,NULL,200),(2520,57,'加料','红豆',0,NULL,200),(2521,57,'加料','珍珠',0,NULL,200),(2522,57,'加料','西米',0,NULL,200),(2523,57,'加料','椰果',0,NULL,200),(2524,57,'加料','青稞',0,NULL,200),(2525,57,'加料','芋圆',0,NULL,200),(2526,57,'加料','血糯米',0,NULL,200),(2527,58,'大小','大',1,2000,0),(2529,58,'甜度','无糖',1,NULL,0),(2530,58,'甜度','微糖',0,NULL,0),(2531,58,'甜度','半糖',0,NULL,0),(2532,58,'甜度','少糖',0,NULL,0),(2533,58,'甜度','正常甜',0,NULL,0),(2534,58,'甜度','全糖',0,NULL,0),(2536,58,'温度','热',1,NULL,0),(2537,58,'温度','冰',0,NULL,0),(2538,58,'温度','少冰',0,NULL,0),(2539,58,'温度','去冰',0,NULL,0),(2540,58,'加料','布丁',0,NULL,200),(2541,58,'加料','红豆',0,NULL,200),(2542,58,'加料','珍珠',0,NULL,200),(2543,58,'加料','西米',0,NULL,200),(2544,58,'加料','椰果',0,NULL,200),(2545,58,'加料','青稞',0,NULL,200),(2546,58,'加料','芋圆',0,NULL,200),(2547,58,'加料','血糯米',0,NULL,200),(2548,59,'大小','大',1,1200,0),(2549,59,'大小','中',0,1000,0),(2550,59,'甜度','无糖',1,NULL,0),(2551,59,'甜度','微糖',0,NULL,0),(2552,59,'甜度','半糖',0,NULL,0),(2553,59,'甜度','少糖',0,NULL,0),(2554,59,'甜度','正常甜',0,NULL,0),(2555,59,'甜度','全糖',0,NULL,0),(2556,59,'温度','常温',1,NULL,0),(2557,59,'温度','热',0,NULL,0),(2558,59,'温度','冰',0,NULL,0),(2559,59,'温度','少冰',0,NULL,0),(2560,59,'温度','去冰',0,NULL,0),(2561,59,'加料','布丁',0,NULL,200),(2562,59,'加料','红豆',0,NULL,200),(2563,59,'加料','珍珠',0,NULL,200),(2564,59,'加料','西米',0,NULL,200),(2565,59,'加料','椰果',0,NULL,200),(2566,59,'加料','青稞',0,NULL,200),(2567,59,'加料','芋圆',0,NULL,200),(2568,59,'加料','血糯米',0,NULL,200),(2569,60,'大小','大',1,1200,0),(2571,60,'甜度','无糖',1,NULL,0),(2572,60,'甜度','微糖',0,NULL,0),(2573,60,'甜度','半糖',0,NULL,0),(2574,60,'甜度','少糖',0,NULL,0),(2575,60,'甜度','正常甜',0,NULL,0),(2576,60,'甜度','全糖',0,NULL,0),(2579,60,'温度','冰',1,NULL,0),(2580,60,'温度','少冰',0,NULL,0),(2581,60,'温度','去冰',0,NULL,0),(2582,60,'加料','布丁',0,NULL,200),(2583,60,'加料','红豆',0,NULL,200),(2584,60,'加料','珍珠',0,NULL,200),(2585,60,'加料','西米',0,NULL,200),(2586,60,'加料','椰果',0,NULL,200),(2587,60,'加料','青稞',0,NULL,200),(2588,60,'加料','芋圆',0,NULL,200),(2589,60,'加料','血糯米',0,NULL,200),(2590,61,'大小','大',1,1900,0),(2592,61,'甜度','无糖',1,NULL,0),(2593,61,'甜度','微糖',0,NULL,0),(2594,61,'甜度','半糖',0,NULL,0),(2595,61,'甜度','少糖',0,NULL,0),(2596,61,'甜度','正常甜',0,NULL,0),(2597,61,'甜度','全糖',0,NULL,0),(2600,61,'温度','冰',1,NULL,0),(2603,61,'加料','布丁',0,NULL,200),(2604,61,'加料','红豆',0,NULL,200),(2605,61,'加料','珍珠',0,NULL,200),(2606,61,'加料','西米',0,NULL,200),(2607,61,'加料','椰果',0,NULL,200),(2608,61,'加料','青稞',0,NULL,200),(2609,61,'加料','芋圆',0,NULL,200),(2610,61,'加料','血糯米',0,NULL,200),(2611,62,'大小','大',1,1800,0),(2613,62,'甜度','无糖',1,NULL,0),(2614,62,'甜度','微糖',0,NULL,0),(2615,62,'甜度','半糖',0,NULL,0),(2616,62,'甜度','少糖',0,NULL,0),(2617,62,'甜度','正常甜',0,NULL,0),(2618,62,'甜度','全糖',0,NULL,0),(2621,62,'温度','冰',1,NULL,0),(2624,62,'加料','布丁',0,NULL,200),(2625,62,'加料','红豆',0,NULL,200),(2626,62,'加料','珍珠',0,NULL,200),(2627,62,'加料','西米',0,NULL,200),(2628,62,'加料','椰果',0,NULL,200),(2629,62,'加料','青稞',0,NULL,200),(2630,62,'加料','芋圆',0,NULL,200),(2631,62,'加料','血糯米',0,NULL,200),(2633,63,'大小','中',1,1600,0),(2634,63,'甜度','无糖',1,NULL,0),(2635,63,'甜度','微糖',0,NULL,0),(2636,63,'甜度','半糖',0,NULL,0),(2637,63,'甜度','少糖',0,NULL,0),(2638,63,'甜度','正常甜',0,NULL,0),(2639,63,'甜度','全糖',0,NULL,0),(2640,63,'温度','常温',1,NULL,0),(2641,63,'温度','热',0,NULL,0),(2642,63,'温度','冰',0,NULL,0),(2643,63,'温度','少冰',0,NULL,0),(2644,63,'温度','去冰',0,NULL,0),(2645,63,'加料','布丁',0,NULL,200),(2646,63,'加料','红豆',0,NULL,200),(2647,63,'加料','珍珠',0,NULL,200),(2648,63,'加料','西米',0,NULL,200),(2649,63,'加料','椰果',0,NULL,200),(2650,63,'加料','青稞',0,NULL,200),(2651,63,'加料','芋圆',0,NULL,200),(2652,63,'加料','血糯米',0,NULL,200),(2654,64,'大小','中',1,1900,0),(2655,64,'甜度','无糖',1,NULL,0),(2656,64,'甜度','微糖',0,NULL,0),(2657,64,'甜度','半糖',0,NULL,0),(2658,64,'甜度','少糖',0,NULL,0),(2659,64,'甜度','正常甜',0,NULL,0),(2660,64,'甜度','全糖',0,NULL,0),(2663,64,'温度','冰',1,NULL,0),(2666,64,'加料','布丁',0,NULL,200),(2667,64,'加料','红豆',0,NULL,200),(2668,64,'加料','珍珠',0,NULL,200),(2669,64,'加料','西米',0,NULL,200),(2670,64,'加料','椰果',0,NULL,200),(2671,64,'加料','青稞',0,NULL,200),(2672,64,'加料','芋圆',0,NULL,200),(2673,64,'加料','血糯米',0,NULL,200),(2674,65,'大小','大',1,1700,0),(2676,65,'甜度','无糖',1,NULL,0),(2677,65,'甜度','微糖',0,NULL,0),(2678,65,'甜度','半糖',0,NULL,0),(2679,65,'甜度','少糖',0,NULL,0),(2680,65,'甜度','正常甜',0,NULL,0),(2681,65,'甜度','全糖',0,NULL,0),(2682,65,'温度','常温',1,NULL,0),(2683,65,'温度','热',0,NULL,0),(2684,65,'温度','冰',0,NULL,0),(2685,65,'温度','少冰',0,NULL,0),(2686,65,'温度','去冰',0,NULL,0),(2687,65,'加料','布丁',0,NULL,200),(2688,65,'加料','红豆',0,NULL,200),(2689,65,'加料','珍珠',0,NULL,200),(2690,65,'加料','西米',0,NULL,200),(2691,65,'加料','椰果',0,NULL,200),(2692,65,'加料','青稞',0,NULL,200),(2693,65,'加料','芋圆',0,NULL,200),(2694,65,'加料','血糯米',0,NULL,200),(2696,66,'大小','中',1,1700,0),(2697,66,'甜度','无糖',1,NULL,0),(2698,66,'甜度','微糖',0,NULL,0),(2699,66,'甜度','半糖',0,NULL,0),(2700,66,'甜度','少糖',0,NULL,0),(2701,66,'甜度','正常甜',0,NULL,0),(2702,66,'甜度','全糖',0,NULL,0),(2705,66,'温度','冰',1,NULL,0),(2708,66,'加料','布丁',0,NULL,200),(2709,66,'加料','红豆',0,NULL,200),(2710,66,'加料','珍珠',0,NULL,200),(2711,66,'加料','西米',0,NULL,200),(2712,66,'加料','椰果',0,NULL,200),(2713,66,'加料','青稞',0,NULL,200),(2714,66,'加料','芋圆',0,NULL,200),(2715,66,'加料','血糯米',0,NULL,200),(2717,67,'大小','大杯',1,1600,0),(2718,67,'温度','温热',1,0,0),(2719,67,'温度','冰',0,0,0),(2720,67,'温度','去冰',0,0,0),(2721,67,'甜度','无糖',0,0,0),(2722,67,'温度','微糖',0,0,0),(2723,67,'甜度','半糖',0,0,0),(2724,67,'甜度','少糖',0,0,0),(2725,67,'甜度','正常甜',1,0,0),(2726,67,'甜度','全糖',0,0,0);

/*Table structure for table `order_info` */

DROP TABLE IF EXISTS `order_info`;

CREATE TABLE `order_info` (
  `order_no` varchar(30) NOT NULL COMMENT '订单号',
  `wx_openid` varchar(50) NOT NULL,
  `order_status` enum('未付款','制作中','请取餐','配送中','已送达','已完成','已取消','退款中','已退款') NOT NULL COMMENT '订单状态',
  `payjs_order_id` varchar(32) DEFAULT NULL,
  `wx_pay_transaction_id` varchar(32) DEFAULT NULL COMMENT '微信支付系统生成的订单号',
  `take_type` enum('到店自取','外卖配送') NOT NULL COMMENT '取餐方式',
  `address_detail` varchar(100) NOT NULL COMMENT '收货地址',
  `goods_preview` varchar(300) NOT NULL DEFAULT '' COMMENT '商品信息eg: 奶茶*2',
  `goods_total_num` int(11) DEFAULT '0' COMMENT '商品总数',
  `total_price` int(10) unsigned DEFAULT NULL,
  `pay_price` int(10) unsigned DEFAULT NULL COMMENT '支付金额',
  `verify_num` int(11) DEFAULT '0' COMMENT '取单号，一般取手机尾号',
  `extra_info` varchar(100) DEFAULT NULL COMMENT '用户备注、订单取消原因、或其他额外信息',
  `create_time` datetime NOT NULL DEFAULT '2021-01-01 00:00:00' COMMENT '下单时间',
  `pay_time` datetime DEFAULT NULL COMMENT '支付时间',
  `finish_time` datetime DEFAULT NULL COMMENT '订单完成时间',
  `user_phone` varchar(11) DEFAULT NULL COMMENT '用户联系电话',
  `receiver` varchar(10) DEFAULT NULL COMMENT '取餐人',
  PRIMARY KEY (`order_no`),
  KEY `createTime` (`create_time`),
  KEY `wx_openid` (`wx_openid`)
) ENGINE=InnoDB DEFAULT CHARSET=utf8 COMMENT='订单';

/*Data for the table `order_info` */

insert  into `order_info`(`order_no`,`wx_openid`,`order_status`,`payjs_order_id`,`wx_pay_transaction_id`,`take_type`,`address_detail`,`goods_preview`,`goods_total_num`,`total_price`,`pay_price`,`verify_num`,`extra_info`,`create_time`,`pay_time`,`finish_time`,`user_phone`,`receiver`) values ('202104120219-1009','oxci95aic29pnvZnVJboqWV8aLdA','已完成',NULL,'4200000988202104183889816796','外卖配送','园林新村24栋','奥利奥奶茶[常温 中 布丁 半糖 ]*1,单人套餐二*1',2,3500,3500,7172,'','2021-04-18 12:02:19','2021-04-18 12:02:25','2021-04-18 13:35:40','18981717172','李泽'),('202104120221-1072','oxci95WP3PlnpXZJ3JoVHtvWVu9w','已完成',NULL,'4200001033202104281876715423','外卖配送','3区23舍a511','芋圆血糯米[少冰 中 正常甜 ]*1',1,1100,1100,7774,'','2021-04-28 12:02:21','2021-04-28 12:02:26','2021-08-22 22:17:47','18784117774','孙一鸣'),('202104120321-1010','oxci95cWduDK9F83DAPDrlrZLE6c','已完成',NULL,'4200000986202104187211350379','外卖配送','2区10舍512','芋圆血糯米[少冰 大 少糖 ]*1,布丁奶茶[少冰 大 少糖 ]*1,芋圆血糯米[常温 大 微糖 ]*1',3,3900,3900,8163,'','2021-04-18 12:03:22','2021-04-18 12:03:26','2021-04-18 22:03:16','15700308163','杨'),('202104120410-1011','oxci95YGj97N0mum_9Dl4Inw3XJk','已完成',NULL,'4200000985202104183698688105','外卖配送','三区19舍B304','醇奶抹茶[热 中 红豆 珍珠 正常甜 ]*1',1,1600,1600,142,'19舍   B304 请放门口','2021-04-18 12:04:11','2021-04-18 12:04:20','2021-04-18 23:00:50','18384990142','Jojo'),('202104120957-1073','oxci95cTWJ18z1uoZxrHO1I51FVQ','已完成',NULL,'4200001044202104285162539657','外卖配送','3区23舍A709','招牌奶茶[热 大 西米 无糖 ]*1',1,1400,1400,2350,'','2021-04-28 12:09:58','2021-04-28 12:10:01','2021-05-18 21:11:38','18375982350','赖鑫'),('202104122130-1062','oxci95TIO1GKLMig-RZo6i2lfDfo','已完成',NULL,'4200001030202104277001213318','外卖配送','13舍404','草莓粉桃酪酪[冰 大 半糖 ]*1',1,1800,1800,9371,'','2021-04-27 12:21:31','2021-04-27 12:21:35','2021-04-28 10:57:15','15222149371','王茗雪'),('202104123314-1002','oxci95YADfp4S1EHX6loh0oRav9I','已完成',NULL,'4200000982202104195868552893','外卖配送','2区10舍512','芋圆血糯米[少冰 大 少糖 ]*2',2,2600,2600,8163,'','2021-04-19 12:33:14','2021-04-19 12:33:20','2021-04-19 14:57:01','15700308163','吴'),('202104123611-1027','oxci95W6GG4GG3ubZyYxZIfbriYg','已完成',NULL,'4200000995202104231666739998','外卖配送','3区18舍null','阿华田抹茶拿铁[少冰 中 正常甜 ]*1',1,1900,1900,6389,'18舍A106门口谢谢','2021-04-23 12:36:12','2021-04-23 12:36:17','2021-04-23 12:39:24','18942896389','周麟'),('202104124543-1004','oxci95YADfp4S1EHX6loh0oRav9I','已完成',NULL,'4200000992202104179647338928','外卖配送','2区10舍512','芋圆血糯米[去冰 大 少糖 ]*1,芝士抹茶[常温 中 正常甜 ]*1,芋圆血糯米[常温 大 微糖 ]*1',3,4100,4100,8163,'','2021-04-17 12:45:59','2021-04-17 12:45:58','2021-04-17 12:50:05','15700308163','吴'),('202104130834-1001','oxci95QiFQ6V_p3Pr5frTig2eOT4','已完成',NULL,'4200000995202104067715978712','外卖配送','2区17舍201','珍珠奶茶[热 中杯 正常 ]*2',2,1700,1700,7282,'','2021-04-06 13:08:44','2021-04-06 13:08:44','2021-04-06 13:14:17','18383507282','李飞'),('202104133029-1051','oxci95UO6x4A29oQ3S532dHXCJqU','已完成',NULL,'4200000941202104250186249700','外卖配送','2区16舍513','芝士葡萄[冰 大 正常甜 ]*1',1,1900,1900,2523,'','2021-04-25 13:30:30','2021-04-25 13:30:34','2021-04-25 13:38:14','19934042523','刘宇轩'),('202104133731-1074','oxci95T33arJk3K286qIbX6zzvM0','已完成',NULL,'4200001036202104280935261411','外卖配送','3区23舍A301','招牌奶茶[去冰 大 椰果 正常甜 ]*1',1,1400,1400,5204,'','2021-04-28 13:37:32','2021-04-28 13:37:37','2021-04-28 13:39:53','17321915204','陈先生'),('202104135116-1005','oxci95QiFQ6V_p3Pr5frTig2eOT4','已完成',NULL,'4200000986202104064182052078','外卖配送','2区17舍201','血糯米奶茶[加冰 大杯 少量糖 ]*1',1,1400,1400,7282,'','2021-04-06 13:51:23','2021-04-06 13:51:23',NULL,'18383507282','李飞'),('202104135640-1063','oxci95SS_ZR5Izm0ynv9ZXP8cvag','已完成',NULL,'4200001039202104277821940515','外卖配送','2区12舍202','单人套餐二*1,珍珠奶茶[热 大 微糖 ]*1',2,2800,2800,1496,'','2021-04-27 13:56:41','2021-04-27 13:56:45','2021-04-27 13:57:44','13981921496','高清晨'),('202104144547-1013','oxci95aPNSMvmZEB1H9WY5O2lIjI','已完成',NULL,'4200000992202104181921983332','外卖配送','2区10舍711','润土烤奶[常温 大 正常甜 ]*1',1,1500,1500,7782,'2区10舍711，18996127782','2021-04-18 14:45:47','2021-04-18 14:45:52','2021-04-19 14:56:59','18996127782','周越遨'),('202104144555-1028','oxci95VeGK-Q5ixx3j8c6sVC5DcE','已完成',NULL,'4200000939202104232987633440','外卖配送','7舍401','超满足抹茶[冰 大 正常甜 ]*2',2,3200,3200,1049,'','2021-04-23 14:45:56','2021-04-23 14:46:00','2021-04-23 14:47:57','15983501049','佘罗晨'),('202104145247-1029','oxci95QFOF3Jg6AuoDLb1tzNtg9s','已完成',NULL,'4200001046202104237212681766','外卖配送','3区21舍a208','蜂蜜柚子茶[冰 大 正常甜 ]*1',1,1300,1300,2931,'','2021-04-23 14:52:48','2021-04-23 14:52:52','2021-04-23 14:55:32','17321912931','黄瑞'),('202104145744-1020','oxci95boyv_THgPhEWtK2LM8obKo','已完成',NULL,'4200000984202104227824615835','外卖配送','16舍302','百香双重奏[少冰 大 少糖 ]*1',1,1400,1400,615,'','2021-04-22 14:57:44','2021-04-22 14:57:49','2021-04-22 14:59:35','17399640615','韦奕豪'),('202104150224-1003','oxci95XeGQ2xBs36SibYO9gCBbdQ','已完成',NULL,'4200000983202104202192298177','外卖配送','四政113','蜂蜜柚子茶[去冰 大 全糖 ]*1',1,1300,1300,7577,'','2021-04-20 15:02:25','2021-04-20 15:02:30','2021-04-20 15:05:16','13084167577','石成越'),('202104150546-1045','oxci95bF-BCcWosF6P3DrzyeAgIk','已完成',NULL,'4200000944202104243736288309','外卖配送','2区16舍201','芝士葡萄[冰 大 半糖 ]*1',1,1900,1900,3227,'糖度正常即可','2021-04-24 15:05:46','2021-04-24 15:05:51','2021-04-24 15:49:23','18820763227','林思浩'),('202104151031-1058','oxci95WiwHJ32PhGEY5VXTu7wW1s','已完成',NULL,'4200001033202104269085624378','外卖配送','2区14舍407','招牌奶茶[热 中 芋圆 半糖 ]*1',1,1200,1200,2583,'','2021-04-26 15:10:31','2021-04-26 15:10:37','2021-04-26 15:20:04','18095052583','李'),('202104152052-1052','oxci95UXD9SKpyg4Rk38Tr4gnRMk','已完成',NULL,'4200000993202104254322781022','外卖配送','16舍504','杨枝甘露[冰 中 全糖 ]*1,芝士葡萄[冰 大 正常甜 ]*1,芝士葡萄[冰 大 无糖 ]*1,大薯条*1',4,6600,6600,4930,'都少冰','2021-04-25 15:20:53','2021-04-25 15:20:57','2021-04-25 15:27:26','15259814930','饶健坤'),('202104152602-1030','oxci95QFOF3Jg6AuoDLb1tzNtg9s','已完成',NULL,'4200000998202104239830675842','外卖配送','3区21舍a208','芝士乌龙[冰 大 全糖 ]*1',1,1400,1400,2931,'','2021-04-23 15:26:02','2021-04-23 15:26:07','2021-04-23 15:27:18','17321912931','黄瑞'),('202104152726-1031','oxci95bWpyv--0uzm4I6a-i6_0k4','已完成',NULL,'4200001030202104234089664465','外卖配送','3区18舍A204','芝士葡萄[冰 大 少糖 ]*1',1,1900,1900,2487,' 请放门口','2021-04-23 15:27:27','2021-04-23 15:27:32','2021-04-23 15:29:42','19942372487','冯颖'),('202104153009-1046','oxci95ckprIyYx6zSWp8An8XFKv8','已完成',NULL,'4200000990202104245716720258','外卖配送','2区14舍409','桃之夭夭[冰 中 血糯米 正常甜 ]*1',1,2100,2100,2906,'少冰哈','2021-04-24 15:30:09','2021-04-24 15:30:15','2021-04-24 15:50:56','15182632906','曾月亭'),('202104160126-1004','oxci95TIO1GKLMig-RZo6i2lfDfo','已完成',NULL,'4200000999202104200023922664','外卖配送','13舍404','百香双重奏[少冰 大 无糖 ]*1',1,1400,1400,9371,'','2021-04-20 16:01:26','2021-04-20 16:01:31','2021-04-20 16:43:06','15222149371','王茗雪'),('202104161904-1003','oxci95U3KGSQkPVcymOhvP3z4jhY','已完成',NULL,'4200000989202104088552924812','外卖配送','10舍408','黄金乌龙[大杯 ]*1,烤椰子蛋糕奶*1',2,1600,1600,4185,'','2021-04-08 16:19:08','2021-04-08 16:19:08',NULL,'17774644185','郑宇'),('202104162653-1075','oxci95b1MARB7RaPCs_TA-Ke6EJ8','已完成',NULL,'4200001034202104289479608517','外卖配送','3区23舍null','招牌奶茶[去冰 中 椰果 少糖 ]*1',1,1200,1200,5092,'3区23舍A301  18398705092','2021-04-28 16:26:54','2021-04-28 16:27:04','2021-08-22 22:17:45','18398705092','范祥'),('202104162858-1065','oxci95Yj2iYWj7P--2C_UBpzA2oU','已完成',NULL,'4200001037202104277816545905','外卖配送','2区13舍608','奶芙牛乳茶[冰 中 珍珠 正常甜 ]*1,阿华田抹茶拿铁[冰 中 正常甜 ]*1,奥利奥奶茶[冰 中 布丁 正常甜 ]*1',3,5500,5500,4337,'','2021-04-27 16:28:58','2021-04-27 16:29:44','2021-04-27 16:31:53','18808214337','叶思怡'),('202104163043-1066','oxci95SmBtrxtMKMsTZf3qAcztPQ','已完成',NULL,'4200001042202104270146089714','外卖配送','1区7舍503','超满足可可[冰 大杯 正常甜 ]*1',1,1600,1600,4510,'','2021-04-27 16:30:43','2021-04-27 16:30:47','2021-04-27 16:32:26','17390434510','张凯棋'),('202104165214-1021','oxci95dRcUHvFMXX0XGj-vMIeUO8','已完成',NULL,'4200000946202104229510876536','外卖配送','濆江园林新村14栋（12教生科院背后）','超满足抹茶[热 大 正常甜 ]*1',1,1600,1600,9705,'','2021-04-22 16:52:14','2021-04-22 16:52:18','2021-04-22 16:55:13','18064989705','七七'),('202104165807-1005','oxci95b8WQgpuIFon0L9nlml2-gY','已完成',NULL,'4200000993202104177949010577','外卖配送','3区18舍B413','布丁芋奶露[常温 大 西米 芋圆 血糯米 无糖 ]*1',1,1900,1900,4103,'请送餐上寝，谢谢','2021-04-17 16:58:07','2021-04-17 16:58:11','2021-04-17 17:49:38','15808154103','随安而遇'),('202104171210-1047','oxci95SCN1_xrTA_bg60vwKUJosE','已完成',NULL,'4200000993202104245908315509','外卖配送','2区11舍519','布丁芋奶露[少冰 大 微糖 ]*1',1,1300,1300,3360,'','2021-04-24 17:12:11','2021-04-24 17:12:17','2021-04-26 14:04:56','17746753360','符'),('202104171849-1059','oxci95UO6x4A29oQ3S532dHXCJqU','已完成',NULL,'4200001047202104264744190265','外卖配送','2区16舍513','芋圆烤奶[常温 大 正常甜 ]*1',1,1500,1500,2523,'','2021-04-26 17:18:49','2021-04-26 17:18:55','2021-04-26 20:29:50','19934042523','刘宇轩'),('202104172846-1068','oxci95Ui8iDhyr68sPI06W6Yrdso','已完成',NULL,'4200001035202104273993855108','外卖配送','2区17舍708','珍珠奶茶[冰 大 正常甜 ]*1',1,1100,1100,9563,'','2021-04-27 17:28:47','2021-04-27 17:28:54','2021-04-27 17:30:39','17883189563','陈'),('202104174734-1006','oxci95X-BVoeToTdO3iXSW8RUkSM','已完成',NULL,'4200000945202104177008408050','外卖配送','2区16舍314','超满足可可[去冰 大杯 正常甜 ]*1,单人套餐一*1',2,3300,3300,3696,'','2021-04-17 17:47:34','2021-04-17 17:47:40','2021-04-17 19:47:33','15928023696','陈畅'),('202104174856-1022','oxci95YADfp4S1EHX6loh0oRav9I','已完成',NULL,'4200000998202104228698752610','外卖配送','2区10舍512','蜂蜜柚子茶[少冰 大 无糖 ]*1',1,1300,1300,8163,'','2021-04-22 17:48:56','2021-04-22 17:49:11','2021-04-22 17:50:52','15700308163','吴'),('202104175451-1007','oxci95YGj97N0mum_9Dl4Inw3XJk','已完成',NULL,'4200000990202104171773274828','外卖配送','三区19舍B304','奶芙牛乳茶[常温 中 正常甜 ]*1',1,1600,1600,142,'','2021-04-17 17:54:51','2021-04-17 17:54:58','2021-04-17 19:47:36','18384990142','Jojo'),('202104180901-1069','oxci95UO6x4A29oQ3S532dHXCJqU','已完成',NULL,'4200001034202104279317855368','外卖配送','2区16舍513','芝士乌龙[常温 大 正常甜 ]*1',1,1400,1400,2523,'','2021-04-27 18:09:01','2021-04-27 18:09:06','2021-04-27 18:10:26','19934042523','刘宇轩'),('202104181129-1006','oxci95YgEYlioZJAFIaiM9DVTm5A','已完成',NULL,'4200000989202104162658415397','外卖配送','老区5舍530','杨枝甘露[冰 中 西米 全糖 ]*1',1,1900,1900,6107,'','2021-04-16 18:11:33','2021-04-16 18:11:33','2021-04-16 18:51:48','13369496107','王立博'),('202104181223-1048','oxci95T33arJk3K286qIbX6zzvM0','已完成',NULL,'4200000998202104243033863229','外卖配送','3区23舍A301','招牌奶茶[去冰 大 无糖 ]*1',1,1200,1200,5204,'','2021-04-24 18:12:23','2021-04-24 18:12:29','2021-04-28 13:37:57','17321915204','陈先生'),('202104181347-1011','oxci95X_jymzjREewaZeQOPjfglE','已完成',NULL,'4200000997202104091193610806','外卖配送','3区宿舍23舍B307','茉莉奶绿[大杯 ]*1,奥利奥奶茶*1',2,2300,2300,2281,' 要温的','2021-04-09 18:13:52','2021-04-09 18:13:52',NULL,'17358982281','王'),('202104182042-1032','oxci95boyv_THgPhEWtK2LM8obKo','已完成',NULL,'4200001044202104233432490286','外卖配送','19舍B305','珍珠奶茶[常温 大 芋圆 微糖 ]*1',1,1300,1300,615,'','2021-04-23 18:20:43','2021-04-23 18:20:47','2021-04-23 18:27:29','17399640615','潘俊卓'),('202104182227-1033','oxci95boyv_THgPhEWtK2LM8obKo','已完成',NULL,'4200000944202104239458421525','外卖配送','19舍B309','珍珠奶茶[热 大 红豆 半糖 ]*1',1,1300,1300,615,'','2021-04-23 18:22:28','2021-04-23 18:22:32','2021-04-23 18:27:25','17399640615','张丽榕'),('202104183211-1053','oxci95TIO1GKLMig-RZo6i2lfDfo','已完成',NULL,'4200000991202104251590521508','外卖配送','13舍404','草莓粉桃酪酪[冰 大 微糖 ]*1',1,1800,1800,9371,'','2021-04-25 18:32:11','2021-04-25 18:32:18','2021-04-25 18:47:04','15222149371','王茗雪'),('202104183916-1007','oxci95ezS8vhzD1nzV3W9gXMAvAU','已完成',NULL,'4200000941202104163434454538','外卖配送','2区13舍719','奶芙牛乳茶[热 中 芋圆 半糖 ]*1,奶芙牛乳茶[常温 中 正常甜 ]*1',2,3400,3400,2449,'','2021-04-16 18:39:21','2021-04-16 18:39:21','2021-04-16 19:18:52','18580962449','何'),('202104191129-1023','oxci95SmBtrxtMKMsTZf3qAcztPQ','已完成',NULL,'4200001030202104226565742602','外卖配送','1区7舍503','芝士抹茶[冰 中 正常甜 ]*1',1,1500,1500,4510,'','2021-04-22 19:11:29','2021-04-22 19:11:33','2021-04-22 19:13:00','17390434510','张凯棋'),('202104192513-1054','oxci95eLsgtBUy413HC5r0ZyTOPM','已完成',NULL,'4200001035202104257821041513','外卖配送','18舍a606','布丁芋奶露[热 中 布丁 珍珠 微糖 ]*1',1,1500,1500,5096,'','2021-04-25 19:25:14','2021-04-25 19:25:19','2021-04-25 19:29:24','15681605096','小张'),('202104193429-1055','oxci95ac73RoSgfL3-1VJWguklQs','已完成',NULL,'4200000992202104253829627893','外卖配送','2区14舍712','招牌奶茶[热 大 半糖 ]*3',3,3600,3600,450,'','2021-04-25 19:34:29','2021-04-25 19:34:41','2021-04-25 19:41:57','18383570450','陈向熙'),('202104193535-1034','oxci95QcTnDTDzf-0qUK5SnQT_bM','已完成',NULL,'4200000939202104233588276214','外卖配送','2区16舍504','布丁奶茶[常温 大 无糖 ]*1,大薯条*1',2,2400,2400,6123,'','2021-04-23 19:35:35','2021-04-23 19:35:41','2021-04-23 19:38:42','15198056123','吴'),('202104193720-1007','oxci95fbLV_RxLp5ZeH3s6m2YRzA','已完成',NULL,'4200000984202104202445632052','外卖配送','23舍A505','招牌奶茶[去冰 大 正常甜 ]*1',1,1200,1200,5760,'','2021-04-20 19:37:21','2021-04-20 19:37:26','2021-04-20 20:00:43','18383575760','刘'),('202104194317-1049','oxci95RXLAq8p4ALKgIdz5Bb6Jn8','已完成',NULL,'4200001035202104249511867724','外卖配送','2区15舍407','招牌奶茶[常温 大 珍珠 椰果 全糖 ]*1',1,1600,1600,7501,'','2021-04-24 19:43:17','2021-04-24 19:43:23','2021-04-24 19:48:01','19130487501','何'),('202104194533-1008','oxci95X7ifKy8p_19FzwxQ5IN4m0','已完成',NULL,'4200000999202104177976656033','外卖配送','3区23舍a510','椰果奶茶[常温 大 无糖 ]*1',1,1100,1100,4842,'','2021-04-17 19:45:34','2021-04-17 19:45:39','2021-04-17 19:47:38','18308364842','沈杰'),('202104195900-1071','oxci95YjVie0sLX7xhOyYgD5kH4U','已完成',NULL,'4200001035202104274553987288','外卖配送','2区13舍207','布丁芋奶露[热 中 布丁 无糖 ]*1,芝士抹茶[去冰 中 正常甜 ]*1',2,2800,2800,9967,'','2021-04-27 19:59:00','2021-04-27 19:59:06','2021-04-27 20:14:01','19112089967','黎茂月'),('202104200032-1035','oxci95fbLV_RxLp5ZeH3s6m2YRzA','已完成',NULL,'4200001047202104236499028131','外卖配送','23舍A505','布丁芋奶露[去冰 大 正常甜 ]*1',1,1300,1300,5760,'','2021-04-23 20:00:33','2021-04-23 20:00:38','2021-04-23 20:02:17','18383575760','刘'),('202104200222-1050','oxci95TIO1GKLMig-RZo6i2lfDfo','已完成',NULL,'4200001030202104242092022617','外卖配送','13舍404','单人套餐一*1,鸡柳*1,脆皮鸡*1',3,3200,3200,9371,'','2021-04-24 20:02:23','2021-04-24 20:02:35','2021-04-24 20:04:40','15222149371','王茗雪'),('202104200304-1038','oxci95QgAE1pBSnNIwGx3Pmo_3YQ','已完成',NULL,'4200001038202104234549585979','外卖配送','2区16舍504','大薯条*1',1,1100,1100,229,'要番茄酱','2021-04-23 20:03:04','2021-04-23 20:03:13','2021-04-23 20:07:43','18208320229','王浩然'),('202104201737-1056','oxci95eSPJiVR2e8twxhzoDNU1qk','已完成',NULL,'4200000989202104255600827246','外卖配送','三区18舍B404','奥利奥奶茶[常温 中 全糖 ]*1,鸡柳*1',2,2000,2000,380,'','2021-04-25 20:17:37','2021-04-25 20:17:43','2021-04-25 20:20:24','17361210380','张珂薰'),('202104201929-1025','oxci95Xf4JMJuH4U-Rp3LTu-eITY','已完成',NULL,'4200000944202104229469229970','外卖配送','2区14舍null','布丁芋奶露[去冰 中 半糖 ]*1',1,1100,1100,2015,'706','2021-04-22 20:19:30','2021-04-22 20:19:38','2021-04-22 20:28:07','18141372015','吴'),('202104202742-1040','oxci95eY9iJS8s6QLJi0lr4JPudY','已完成',NULL,'4200001046202104234654772003','外卖配送','14舍215不能上寝请取消订单','布丁奶茶[少冰 中 少糖 ]*1,布丁奶茶[热 中 微糖 ]*1',2,2200,2200,9027,'不能送餐上寝请取消订单','2021-04-23 20:27:43','2021-04-23 20:27:47','2021-04-23 20:39:11','17801729027','房'),('202104204145-1041','oxci95cIWLD24ERFDpBL3trM-Vmg','已完成',NULL,'4200001043202104236510646794','外卖配送','3区23舍A701','茉香柠檬茶[少冰 大 无糖 ]*1',1,1200,1200,183,'不要糖不要糖不要糖，谢谢','2021-04-23 20:41:45','2021-04-23 20:41:50','2021-04-23 20:44:22','18011430183','乔三猫'),('202104204700-1026','oxci95R2vySiBzSZpxxvgSbmeXMk','已完成',NULL,'4200000980202104228231512758','外卖配送','2区15舍702','草莓粉桃酪酪[冰 大 微糖 ]*1',1,1800,1800,3871,'','2021-04-22 20:47:01','2021-04-22 20:47:07','2021-04-22 20:49:00','19934043871','朱'),('202104205252-1057','oxci95QFOF3Jg6AuoDLb1tzNtg9s','已完成',NULL,'4200000983202104253030094746','外卖配送','3区21舍a208','芝士茉莉[冰 大 正常甜 ]*1',1,1500,1500,2931,'','2021-04-25 20:52:52','2021-04-25 20:52:57','2021-04-25 20:55:08','17321912931','黄瑞'),('202104210249-1017','oxci95TvO-yfsANPH4J93AAY_zV0','已完成',NULL,'4200000984202104218971490335','外卖配送','2区14舍205','阿华田可可拿铁[常温 中 正常甜 ]*1,大薯条*1',2,3000,3000,5665,'','2021-04-21 21:02:50','2021-04-21 21:02:55','2021-04-21 21:07:06','15283785665','李辉'),('202104210755-1009','oxci95YGj97N0mum_9Dl4Inw3XJk','已完成',NULL,'4200000999202104206730807961','外卖配送','三区19舍B304','招牌奶茶[热 中 红豆 珍珠 正常甜 ]*1',1,1400,1400,142,'19舍B304','2021-04-20 21:07:55','2021-04-20 21:08:03','2021-04-20 21:34:26','18384990142','Jojo'),('202104211406-1018','oxci95X-BVoeToTdO3iXSW8RUkSM','已完成',NULL,'4200000989202104217942629459','外卖配送','2区16舍314','芋圆烤奶[去冰 大 全糖 ]*1',1,1500,1500,3696,'','2021-04-21 21:14:07','2021-04-21 21:14:11','2021-04-21 21:19:14','15928023696','陈畅'),('202104213000-1042','oxci95UsyiL7uAQi6GoS-vrTCluA','已完成',NULL,'4200000989202104235494379884','外卖配送','2区17舍710','芋圆烤奶[热 大 全糖 ]*1',1,1500,1500,228,'','2021-04-23 21:30:01','2021-04-23 21:30:07','2021-04-23 21:33:08','18383550228','杨显斌'),('202104213204-1061','oxci95QFOF3Jg6AuoDLb1tzNtg9s','已完成',NULL,'4200001040202104267933204982','外卖配送','3区21舍a208','芝士茉莉[冰 大 正常甜 ]*1',1,1500,1500,2931,'','2021-04-26 21:32:05','2021-04-26 21:32:09','2021-04-26 21:55:21','17321912931','黄瑞'),('202104213236-1010','oxci95QIpYZkSVm2xSiy4Fg_Jd94','已完成',NULL,'4200000991202104206716779456','外卖配送','2区13舍211','奶芙牛乳茶[热 中 正常甜 ]*1',1,1600,1600,4918,'','2021-04-20 21:32:36','2021-04-20 21:32:43','2021-04-23 00:06:09','15342884918','吕蓉芳'),('202104214351-1004','oxci95caUkkqoOi51ELdySiL7cVI','已完成',NULL,'4200000987202104081520940808','外卖配送','二区15舍211','热狗*1,珍珠奶茶[热 中杯 半糖 ]*1',2,1100,1100,5388,'','2021-04-08 21:43:57','2021-04-08 21:43:57',NULL,'18808175388','江一丰'),('202104214451-1011','oxci95cZTL2adEI8KpYn8P0S5gOk','已完成',NULL,'4200000980202104202413308212','外卖配送','2区17舍102','醇奶抹茶[常温 中 正常甜 ]*1',1,1200,1200,9703,' 要冰的','2021-04-20 21:44:52','2021-04-20 21:45:01','2021-04-21 12:38:06','15656469703','刘冬珺'),('202104214524-1044','oxci95S3xNIor5U0vtua0s082bUs','已完成',NULL,'4200000941202104230728353361','外卖配送','3区19舍b402','招牌奶茶[热 中 正常甜 ]*1',1,1000,1000,926,'','2021-04-23 21:45:24','2021-04-23 21:45:35','2021-04-23 21:53:04','17300200926','石锦源'),('202105173906-1001','oxci95QFOF3Jg6AuoDLb1tzNtg9s','已完成',NULL,'4200001034202105200018573876','外卖配送','3区21舍a208','蜂蜜柚子茶[冰 大 半糖 ]*1',1,1300,1300,2931,'','2021-05-20 17:39:07','2021-05-20 17:39:18','2021-08-22 22:16:28','17321912931','黄瑞'),('202105213053-1002','oxci95T33arJk3K286qIbX6zzvM0','已完成',NULL,'4200001033202105137922620986','外卖配送','3区23舍A301','招牌奶茶[去冰 大 椰果 正常甜 ]*1',1,1400,1400,5204,'','2021-05-13 21:30:54','2021-05-13 21:30:58','2021-08-22 22:17:44','17321915204','陈先生'),('202108150725-1001','oK3r84teJdc7oStGn_hpRc0B2FcA','已取消','2021082514141500576986891',NULL,'外卖配送','2区10舍','椰果奶茶[热 大 无糖 ]*1,珍珠奶茶[冰 大 椰果 无糖 ]*1',2,2400,NULL,9046,'','2021-08-23 15:07:25',NULL,NULL,'17058179046','陈亚如'),('202108163157-1001','oK3r84teJdc7oStGn_hpRc0B2FcA','制作中','2021082516320000361893035','4200001182202108254982967252','到店自取','到店自取','支付测试*1',1,10,10,9046,'','2021-08-25 16:31:57',NULL,NULL,'17058179046','陈亚如'),('202108163515-1002','oK3r84teJdc7oStGn_hpRc0B2FcA','制作中','2021082516373200493813338','4200001184202108259417682975','到店自取','到店自取','支付测试*1',1,10,10,9046,'','2021-08-25 16:35:15',NULL,NULL,'17058179046','陈亚如'),('202108170738-1001','o7LFAwavj-o4wKkEXdpA-kQmmajc','已取消',NULL,NULL,'到店自取','到店自取','支付测试*1',1,10,NULL,9046,'','2021-08-25 17:07:38',NULL,NULL,'17058179046','陈亚如'),('202108172315-1001','oK3r84teJdc7oStGn_hpRc0B2FcA','未付款',NULL,NULL,'到店自取','到店自取','支付测试*1',1,10,NULL,9046,'','2021-08-25 17:23:15',NULL,NULL,'17058179046','陈亚如'),('202108175802-1001','oK3r84teJdc7oStGn_hpRc0B2FcA','已取消',NULL,NULL,'到店自取','到店自取','支付测试*1',1,10,10,9046,'','2021-08-22 17:58:03',NULL,NULL,'17058179046','陈亚如'),('202108181243-1001','oxci95SnSaCpN5NAvv66T4XYDVR8','已取消',NULL,NULL,'外卖配送','2区15舍309','杨枝甘露[冰 中 无糖 ]*1',1,1700,1700,9046,'','2021-08-22 18:12:44',NULL,NULL,'17058179046','陈亚如'),('202108181323-1002','oxci95SnSaCpN5NAvv66T4XYDVR8','已取消',NULL,NULL,'外卖配送','2区15舍309','杨枝甘露[冰 中 无糖 ]*1',1,1700,1700,9046,'','2021-08-22 18:13:23',NULL,NULL,'17058179046','陈亚如'),('202108192722-1003','oxci95SnSaCpN5NAvv66T4XYDVR8','已取消',NULL,NULL,'到店自取','到店自取','支付测试*1',1,10,10,9046,'订单取消原因: [商家取消]','2021-08-22 19:27:22',NULL,NULL,'17058179046','陈亚如'),('202108192806-1004','oK3r84teJdc7oStGn_hpRc0B2FcA','已完成','2021082220255500199059612','4200001187202108225197257181','到店自取','到店自取','支付测试*1',1,10,10,9046,'','2021-08-22 19:28:07',NULL,'2021-08-22 22:17:42','17058179046','陈亚如'),('202108210530-1001','oK3r84teJdc7oStGn_hpRc0B2FcA','已取消','2021082221053800371446957',NULL,'外卖配送','2区10舍','蜂蜜柚子茶[常温 大 无糖 ]*1',1,1300,NULL,9046,'','2021-08-22 21:05:30',NULL,NULL,'17058179046','陈亚如'),('202108210759-1002','oK3r84teJdc7oStGn_hpRc0B2FcA','已取消',NULL,NULL,'外卖配送','2区10舍','茉香柠檬茶[冰 大 无糖 ]*2',2,2400,NULL,9046,'','2021-08-22 21:07:59',NULL,NULL,'17058179046','陈亚如'),('202108210913-1003','oK3r84teJdc7oStGn_hpRc0B2FcA','已取消',NULL,NULL,'外卖配送','2区10舍','蜂蜜柚子茶[常温 大 无糖 ]*1',1,1300,NULL,9046,'','2021-08-22 21:09:14',NULL,NULL,'17058179046','陈亚如'),('202108211037-1004','oK3r84teJdc7oStGn_hpRc0B2FcA','已取消',NULL,NULL,'外卖配送','2区10舍','蜂蜜柚子茶[常温 大 无糖 ]*1',1,1300,NULL,9046,'','2021-08-22 21:10:37',NULL,NULL,'17058179046','陈亚如'),('202108211123-1005','oK3r84teJdc7oStGn_hpRc0B2FcA','已取消',NULL,NULL,'外卖配送','2区10舍','蜂蜜柚子茶[常温 大 无糖 ]*1',1,1300,NULL,9046,'','2021-08-22 21:11:24',NULL,NULL,'17058179046','陈亚如'),('202108211203-1006','oK3r84teJdc7oStGn_hpRc0B2FcA','已取消',NULL,NULL,'外卖配送','2区10舍','蜂蜜柚子茶[常温 大 无糖 ]*1',1,1300,NULL,9046,'','2021-08-22 21:12:04',NULL,NULL,'17058179046','陈亚如'),('202108211615-1001','oK3r84teJdc7oStGn_hpRc0B2FcA','已完成','2021082221161900144535956','4200001187202108227179804344','到店自取','到店自取','支付测试*1',1,10,10,9046,'','2021-08-22 21:16:16',NULL,'2021-08-22 22:17:40','17058179046','陈亚如'),('202108220555-1002','oK3r84teJdc7oStGn_hpRc0B2FcA','已取消','2021082222081300293015576',NULL,'外卖配送','2区10舍','椰果奶茶[常温 大 无糖 ]*1',1,1100,NULL,9046,'','2021-08-22 22:05:56',NULL,NULL,'17058179046','陈亚如'),('202108221807-1003','oK3r84teJdc7oStGn_hpRc0B2FcA','已取消','2021082222181000607237773','4200001165202108227210944399','到店自取','到店自取','支付测试*1',1,10,10,9046,'【取消原因: 退款测试】','2021-08-22 22:18:07',NULL,NULL,'17058179046','陈亚如');

/*Table structure for table `sys_role` */

DROP TABLE IF EXISTS `sys_role`;

CREATE TABLE `sys_role` (
  `id` int(10) NOT NULL AUTO_INCREMENT,
  `name` varchar(20) DEFAULT NULL,
  `description` varchar(30) DEFAULT NULL,
  PRIMARY KEY (`id`)
) ENGINE=InnoDB AUTO_INCREMENT=4 DEFAULT CHARSET=utf8;

/*Data for the table `sys_role` */

insert  into `sys_role`(`id`,`name`,`description`) values (1,'超级管理员','全部权限'),(2,'后台管理员','管理应用'),(3,'游客模式','允许所有查看权限，拦截一切修改操作');

/*Table structure for table `sys_role_permission` */

DROP TABLE IF EXISTS `sys_role_permission`;

CREATE TABLE `sys_role_permission` (
  `role_id` int(10) NOT NULL,
  `permission` varchar(30) NOT NULL COMMENT '权限 eg:system:user:add',
  PRIMARY KEY (`role_id`,`permission`)
) ENGINE=InnoDB DEFAULT CHARSET=utf8 COMMENT='角色的权限(可以不止一个)';

/*Data for the table `sys_role_permission` */

insert  into `sys_role_permission`(`role_id`,`permission`) values (1,'*'),(1,'system:admin:config'),(1,'system:admin:role'),(1,'system:admin:sysUser'),(1,'system:admin:timingTask'),(1,'system:app'),(1,'system:app:goods'),(1,'system:app:goods:add'),(1,'system:app:goods:update'),(1,'system:app:goodsCategory'),(1,'system:app:orderInfo'),(1,'system:app:user'),(2,'system:app'),(2,'system:app:goods'),(2,'system:app:goods:add'),(2,'system:app:goods:update'),(2,'system:app:goodsCategory'),(2,'system:app:orderInfo'),(2,'system:app:user');

/*Table structure for table `sys_user` */

DROP TABLE IF EXISTS `sys_user`;

CREATE TABLE `sys_user` (
  `id` int(10) unsigned NOT NULL AUTO_INCREMENT,
  `username` varchar(10) NOT NULL,
  `password` varchar(50) NOT NULL,
  `role_id` int(10) DEFAULT NULL,
  `status` tinyint(1) DEFAULT '1' COMMENT '1表示账号可用',
  `avatar` varchar(30) DEFAULT NULL COMMENT '管理员头像',
  PRIMARY KEY (`id`),
  UNIQUE KEY `username` (`username`)
) ENGINE=InnoDB AUTO_INCREMENT=7 DEFAULT CHARSET=utf8;

/*Data for the table `sys_user` */

insert  into `sys_user`(`id`,`username`,`password`,`role_id`,`status`,`avatar`) values (1,'system','VLUwclQO7rj46TQ+cfKBdg==',1,1,'userAvatar-1-31.jpg'),(2,'admin','4QrcOUm6Wau+VuBX8g+IPg==',2,1,NULL),(5,'guest','4QrcOUm6Wau+VuBX8g+IPg==',3,1,NULL),(6,'chenyaru','JfnnlDI7RTiF9RgfG2JNCw==',1,1,NULL);

/*Table structure for table `user` */

DROP TABLE IF EXISTS `user`;

CREATE TABLE `user` (
  `wx_openid` varchar(50) NOT NULL COMMENT '微信的openid',
  `name` varchar(10) NOT NULL DEFAULT '' COMMENT '姓名',
  `phone` varchar(11) NOT NULL DEFAULT '' COMMENT '手机号',
  `address` varchar(30) NOT NULL DEFAULT '' COMMENT '地址信息',
  `sex` tinyint(1) DEFAULT '1' COMMENT '性别',
  `wx_avatar` varchar(300) DEFAULT NULL COMMENT '微信头像',
  `status` tinyint(1) DEFAULT '1' COMMENT '账号冻结状态',
  PRIMARY KEY (`wx_openid`),
  UNIQUE KEY `openid` (`wx_openid`)
) ENGINE=InnoDB DEFAULT CHARSET=utf8;

/*Data for the table `user` */

insert  into `user`(`wx_openid`,`name`,`phone`,`address`,`sex`,`wx_avatar`,`status`) values ('o7LFAwavj-o4wKkEXdpA-kQmmajc','陈亚如','17058179046','2',1,NULL,1),('oK3r84teJdc7oStGn_hpRc0B2FcA','陈亚如','17058179046','2区10舍',1,'https://thirdwx.qlogo.cn/mmopen/vi_32/POgEwh4mIHO4nibH0KlMECNjjGxQUq24ZEaGT4poC6icRiccVGKSyXwibcPq4BWmiaIGuG1icwxaQX6grC9VemZoJ8rg/132',1),('oxci95a4B2b3RqD2FHiy04n88gQc','','','',1,'https://thirdwx.qlogo.cn/mmopen/vi_32/KwnevONp7qANr3LHkc0A7DC5jnQBKcqYI7iaGiaPpqZZuaHmF3xXsy8rIlGLicurljIfumY8rySew79SiaNg09lmMg/132',1),('oxci95ac73RoSgfL3-1VJWguklQs','陈向熙','18383570450','2区14舍712',2,'https://thirdwx.qlogo.cn/mmopen/vi_32/Q0j4TwGTfTIGjQAjibqvTLhEdwB9Ip7eMvFCWDIAU2BJ2LCyx7IMSAaP60ZSnqmgjpnRySFUnBiaN7LGjEXiccSTA/132',1),('oxci95aciG7_LjjLvaZO0Qw8wX4E','','','',1,'https://thirdwx.qlogo.cn/mmopen/vi_32/ruyeLgPDvQZMJm5bj8jpbLDBk7tiafFdxofv4yxbkwDY0RJd7AnEicS7t2ibhmz351HPZAy4yciaYEicPwNGRLDWdVQ/132',1),('oxci95acnCHs31GA6qzLd4W9P0sg','李俊豪','18282390411','3区23舍b301',1,'https://thirdwx.qlogo.cn/mmopen/vi_32/Q0j4TwGTfTKZ08mede5YC2iaefhXZ9HtcjQgUlGfN14kHyTokZKAWpBw1uysDOHDcONUvP4M3Tuy3icD9EGqmKoA/132',1),('oxci95aDAHE0BRvPrGJpP0OgnwV0','我仿佛','13385263336','2区10舍null',2,'https://thirdwx.qlogo.cn/mmopen/vi_32/Q0j4TwGTfTIelqfJkkmK190cn8XBFetSxV9swZicjKkYR0gMF7rsqiaqaJESpshia1UPnriaThVlq8OLtibuRibh7Z1g/132',1),('oxci95aFGj0GQ_oVrcEswwXNSfXI','','','',1,'https://thirdwx.qlogo.cn/mmopen/vi_32/JVn43tibicia7lzKib45YbZbCbAooyWXkOltuZL75fspKOEGgbDhSuaLsZkNyLZZOOzzbWn6nWgb6wAha756EUsVpg/132',1),('oxci95aH1JqRf51r6LZKr61pve1w','','','',1,'https://thirdwx.qlogo.cn/mmopen/vi_32/Q3auHgzwzM7bSa7xajhib0eSia88uerUQsuwKGADWG0nOMe7ZPzKy7pXc1gExxwrd6icUQy8gdXCFDW0d8cJfKHBw/132',1),('oxci95aic29pnvZnVJboqWV8aLdA','李泽','18981717172','园林新村24栋',2,'https://thirdwx.qlogo.cn/mmopen/vi_32/BcwEF0ztiaAW4wLXcoj7m9DfzIxnEMLmZe5vIaAV5wJBm7H7aGJaKCZ9gDvR8IicDXYQJJOXicq9ZBqY4QSm7atAw/132',1),('oxci95aLk729kuw6xqCuDpvyPCAY','','','',1,'https://thirdwx.qlogo.cn/mmopen/vi_32/DYAIOgq83epGmXz0Fue6YXnurEI8GL6vXaOKAL2S3L6ibUz141xTd9fsxsibZiapVm07rDTzDhiaAvUJsdiaW9hialog/132',1),('oxci95ap9pCMHjrsnuN7GAAMp_B4','','','',1,'https://thirdwx.qlogo.cn/mmopen/vi_32/Q0j4TwGTfTJGeapvVxBoDF6ibE7iaCMeShiaEsszmsWGwqq9TZ9rq6U7zGHdaGVnxL2YRWr2IdYF7jEmxF3a5cSXQ/132',1),('oxci95aPNSMvmZEB1H9WY5O2lIjI','小傻瓜','18996127782','2区10舍711',1,'https://thirdwx.qlogo.cn/mmopen/vi_32/Gw5K9Bmv8Sj2hIwibjbqrYnW31TIwvBYO0TXIiasQkn3kGABTbrzLpk5NUvuEat9aBc5bNUUzsCSsyQKWcqHJxLg/132',1),('oxci95aRpRxiKhcxnaX3GbFtmd8U','王锋光','13688216857','研究生公寓29栋一单元二楼6号',1,'https://thirdwx.qlogo.cn/mmopen/vi_32/icHULujibfDhpOVePcXsABibh6yOOByp95EAMEGTaBicibyCJNpVF5IiaYzicpTAqZW8H8xCM1z02icTWMqXY56I5cgyYQ/132',1),('oxci95atvWb5qUNLXDVwt2YrvTiw','','','',1,'https://thirdwx.qlogo.cn/mmopen/vi_32/Q0j4TwGTfTK9yeom1bMibtRuFdtlhPT0vOL3hav5xTYGQ02ZoF3fRaVaucjc7d6CRGDdKqJaY3PhFAyS4xquasA/132',1),('oxci95avQ3KM_hs7NNr5ri84gXpA','','','',1,'https://thirdwx.qlogo.cn/mmopen/vi_32/Q0j4TwGTfTJ12yUDPUZlu2HBjicj7NkQ5SleT2FgOWkK68ibsT00HOc0znz7hlp6M7aRCtevI54uaabbjoB8cdCA/132',1),('oxci95aWXkXwexP1XElmdSlACPPc','','','',1,'https://thirdwx.qlogo.cn/mmopen/vi_32/ia5Hfuz5CUveJZZprwpQpGvvBictD3IiaPibfypLibQCPO1pn9y7P8HDdNgNBqjxhAebibWnicjDZialmor0xBIDT5iazGQ/132',1),('oxci95aZAQ5Ex_rrZU-Lj2Ryvv9s','','','',1,'https://thirdwx.qlogo.cn/mmopen/vi_32/POgEwh4mIHO4nibH0KlMECNjjGxQUq24ZEaGT4poC6icRiccVGKSyXwibcPq4BWmiaIGuG1icwxaQX6grC9VemZoJ8rg/132',1),('oxci95b1MARB7RaPCs_TA-Ke6EJ8','范祥','18398705092','3区23舍null',1,'https://thirdwx.qlogo.cn/mmopen/vi_32/YXWf1vRiaQnicZu0rlMaibmsrUAbibKMa8L5WMhDcuqbvjPOJljJEgCpllCEyb79cJF2NNnWk4ialEvHorfw9jkobGQ/132',1),('oxci95b8WQgpuIFon0L9nlml2-gY','随安而遇','15808154103','3区18舍B413',2,'https://thirdwx.qlogo.cn/mmopen/vi_32/pxEyGhvFibSDdsrIjmeuDFicTwiaY6O6FGqslSHbqOPofeDdMiab6QgKXX1XMxrRVMf8fYn8k9icc9fz1kSTvp2mVvA/132',1),('oxci95bCtJWiwHvhupH91WCYgkLw','1111','11','',1,'https://thirdwx.qlogo.cn/mmopen/vi_32/zxcw4auibrXYibBpDic5N1LdPaJTmnzT15icAiaic8LJoFY2fQTmw1ase2NgUwZIV93WxGCWru2uyVRm2XGkVHUibh10Q/132',1),('oxci95bF-BCcWosF6P3DrzyeAgIk','林思浩','18820763227','2区16舍201',1,'https://thirdwx.qlogo.cn/mmopen/vi_32/0zrT8sRxhzsysgjlkBgVFp1SW3Cpz7icicxAdwianCMBUYs5atNKjX04eDicxTefzKfQCgVPNhibTayD5uWicTmy1K8A/132',1),('oxci95bgRHzHXSwG3R3gNnZw_rEg','','','',1,'https://thirdwx.qlogo.cn/mmopen/vi_32/83zNfqn2p4iaIDcRzLefASoMKC31iaiaXicaPfibib3Lwe2IsXlHPj8dH3jLPY1DVw5EUNmkpVKaTkRUic58obQW1rKDQ/132',1),('oxci95bidNXHq7q1orB0dpWVTLvk','','','',1,'https://thirdwx.qlogo.cn/mmopen/vi_32/Q3auHgzwzM4GMEicBCgcNzuvtcxwpuGxL7QibeiaTXsLgplOm5HWibhCsYzdsmedV1IbRY0Vzicm7iaK5iaibyjwic3LAbg/132',1),('oxci95bjVxq3Ibjq68cqdYhCySbw','','','',1,'https://thirdwx.qlogo.cn/mmopen/vi_32/Q0j4TwGTfTK4HIcHOzYop2DMSwbsjgr2A0S4grrLPnNVMauyTboXFiaWQ5OicWhibIfRbDFBMfkVeZXT8cEu3sogg/132',1),('oxci95bKgtEsj1yZjRSjZ2_gIRxQ','','','',1,'https://thirdwx.qlogo.cn/mmopen/vi_32/Y44BhqAUMialxdAQU19a9m3ciapZGUZL7BRXeSE4gKdF8Qo99wbhaAicUfUw62p2WW6JHFojQiaXuE21iaNWCSWONog/132',1),('oxci95bmZN2Em7qO74RG9kJbE_wY','','','',1,'https://thirdwx.qlogo.cn/mmopen/vi_32/PiajxSqBRaELf1AGwvhP3ZP1Nohn0t4rgZARFict4SVeh9CFlZVicNqVJMnd8XHn8wOdUA98FHm6USb4ufic7IAohw/132',1),('oxci95bO1g656KURhQKpUB5jx5RI','','','',1,'https://thirdwx.qlogo.cn/mmopen/vi_32/YWGfQZgG66lcYIyjKxmzImuQicPuCkfEpcicMt4WBZozG9utcBygdXDfP0qjruAj6ibIdPvW6ZFqTSKdrbJaCYicpQ/132',1),('oxci95boyv_THgPhEWtK2LM8obKo','张丽榕','17399640615','19舍B309',2,'https://thirdwx.qlogo.cn/mmopen/vi_32/DYAIOgq83er1cIfzPldahn6iayLanewHhLnl6XWldlyGySLQTEP6OquH35tXCgtdDZD945ibymwjjlXMEeRL8e5g/132',1),('oxci95bQVbp6JsL0RYshEv1obMbU','李子且','15775402425','2区411',2,'https://thirdwx.qlogo.cn/mmopen/vi_32/6VOTB5oEdmjNCGZjduRvmUf2Wxb0LzicvBicwCTyWoNNVNZXJE4dohqibYicIWa9TPajwJicxWlmE8lbnI0XRlxR4ibA/132',1),('oxci95bu4qxb8vfeqZLsk7PQlFNM','郭俊芳','15881537014','19舍B304',2,'https://thirdwx.qlogo.cn/mmopen/vi_32/qNGqDib78tkwcTUUqlfGpwk9TtcVwYuuJbjTFpY4REqkfMwtru54SBOowiaotPsgh0OhMgWlPk3Bxx9NhXZKmpYw/132',1),('oxci95bUsqLCrhcPNrg_5Pq3JI_k','','','',1,'https://thirdwx.qlogo.cn/mmopen/vi_32/bbJQjVc3L9HAqj8lYuJ3CFNBv6U5XcOHsLlJhWO0sRuBanqM6iaw7ibzlo7kLpEn2Zc2YEmVgPKph1hL16bjj7dw/132',1),('oxci95bWpyv--0uzm4I6a-i6_0k4','冯颖','19942372487','3区18舍A204',2,'https://thirdwx.qlogo.cn/mmopen/vi_32/t3nChDGby8uFJnnMNibkgYWzjYibLRx1ns9FBklK1d1wJDXXEKyXibVQDq4das8eaO6mYXQ1kJNjMz6ibyxrsRteqA/132',1),('oxci95byW5erJRygqj19tylgBXeE','','','',1,'https://thirdwx.qlogo.cn/mmopen/vi_32/LyXoVuH1CSbobRaabng37NZIFMw8Y78QbYTA4kFV5JXSicxJLmZXW8vI9uV9Gpk99Ns7CKp4mjEu6f6H6VW3WkA/132',1),('oxci95bznhLFvCRMH2E9BWG9Ig_k','','','',1,'https://thirdwx.qlogo.cn/mmopen/vi_32/Q3auHgzwzM7KQQveBP06QSCRlg4u0iakiaD1ufAB9IFD7jf7YZIT9WaSqoqTWkC7jmEHTHWGBJGRLic2hIKT6IHsw/132',1),('oxci95c-3oGt4cYJ-hddES3Xt-2w','','','',1,'https://thirdwx.qlogo.cn/mmopen/vi_32/DYAIOgq83eqZ6H6RFOUibNdPIJ7eibcdHic5NCxYIKf0wItPLlG3wiaFF6MtMjB6fPYEibz8CuZGIkGbXlgAyicykHhg/132',1),('oxci95c3kbAs_sDvSeZ-oscB_9vw','','','',1,'https://thirdwx.qlogo.cn/mmhead/5oic1sJtG53vaDOjU6Es4KV0ExBbtRVrRicVzibIicwJibxM/132',1),('oxci95c4R14pV2a_KMYjEqsDPvAs','','','',1,'https://thirdwx.qlogo.cn/mmopen/vi_32/PENr96rKQSicdETgYsm2d0EsibHjwuAwsFDBpumwtyy9BXAzDCGpS0YkAibB9EWzdAicaSYUmFVdg9En5yT3ajw0Tg/132',1),('oxci95caUkkqoOi51ELdySiL7cVI','江一丰','18808175388','二区15舍211',1,'https://thirdwx.qlogo.cn/mmopen/vi_32/gjING398wXa4rNEyPv3icQeEERia8pTn8iaiaAowm66gNic4BVYL9nlaKHQX91j3IFOUjJEQyKexkCIcxJre6I5ia59A/132',1),('oxci95cC7NatSWsjtv9h3cK1dfXc','','','',1,'https://thirdwx.qlogo.cn/mmopen/vi_32/AeHtwIdPZ0ztIdTrctfG1dRGfCHT1Af6lOANBruDgP1atMadxkhmKnO2RRSbSPvUrzsv5ThL4h969ibIsmWlLIw/132',1),('oxci95cchWMAzVGfX1w1zed3gqUM','','','',1,'https://thirdwx.qlogo.cn/mmopen/vi_32/GFfkvAsH6eTgmCn9QrF8NRoavy3Cd2buMVytMHEMUjfdfefNVT7iaQG5Te7IS64P5lwOc2KnicvanbLc9N6HYPbA/132',1),('oxci95cD0xG-nM3NRE4VqDAC4YFY','','','',1,'https://thirdwx.qlogo.cn/mmopen/vi_32/skxlqgOOicJhjaYuFYKN6rGdBS8Sib3IOibwwewIkURD1sZdYcUFicuKJYgfgLbzDXWBJdsIUg5Gib63SibgmP4MzIQQ/132',1),('oxci95cFfLyu9zdqWJXx4DbhnAnY','','','',1,'https://thirdwx.qlogo.cn/mmopen/vi_32/VgRgicsULjNGs2muAG3r1sl83QhEz1WqlGUD7SibOQfTCGDss5PsTBSaumhvibicS9MHQ4OYnkict1VgqxicAN1Jibh5g/132',1),('oxci95cIWLD24ERFDpBL3trM-Vmg','乔三猫','18011430183','3区23舍A701',1,'https://thirdwx.qlogo.cn/mmopen/vi_32/DYAIOgq83eoVeEHdzvq3F5yzfNTwjEfDZLKgM5IrXdicibS1wxY8IN80MIaCsMYgDotQGlezv5iafmoMQElpiatafQ/132',1),('oxci95cIzXlDiS4gR_hZFCMCyEb4','','','',1,'https://thirdwx.qlogo.cn/mmopen/vi_32/Q0j4TwGTfTIuW6Fe7HCibO6bRG7yk4zWIfslABEbDB8IgnmsVqdGCB6KicRu8CjOF3U0ljd1ULC0JSHgXc2cdibibQ/132',1),('oxci95ckprIyYx6zSWp8An8XFKv8','曾月亭','15182632906','2区14舍409',2,'https://thirdwx.qlogo.cn/mmopen/vi_32/VPxnYW4bv7yUIXwoGLjR1SAico8BVhd7g8hY701e8kicCrPInyPibaxSgVQicWjOhhOy6eLMsfXIzyKwCVHsKZUGqg/132',1),('oxci95cM6K14gs15kjEoeySdM0qw','','','',1,'https://thirdwx.qlogo.cn/mmopen/vi_32/5gibM654EibfHV50nfiadvVvo5r300wjHwzoCkrHVINXOLMo4M4R00b6yM2zIPSbJBlFC0xglR0hDf9cOlppIvaLQ/132',1),('oxci95coneftkyhTswcHK2f0vLbI','','','',1,'https://thirdwx.qlogo.cn/mmopen/vi_32/DYAIOgq83eoiaHIFBCgiahTj2QAyJDxiafHsFRiagj2V5kf0K1TfEtcTcs3YmJUhA0UTgBQvFssdopQeYv62qKib4FA/132',1),('oxci95cr78ORy6UoIYmYbULRtOsA','','','',1,'https://thirdwx.qlogo.cn/mmopen/vi_32/5eVfBKIWTTjxFhPQGFkdMRFdlX2MlyBiaiboKHeTylSM2TicKW5JsXSLibgZboqJcNqoDjr7xgsgia9eEzgMVPJtc9g/132',1),('oxci95csWnldCR_ORLmrb4V7Irtc','','','',1,'https://thirdwx.qlogo.cn/mmopen/vi_32/X93JEvNvckHlDG8hftkpqTXqhEdlWEIrCyexFVrmqT95uictlxK89teicCKPEP7ic767WTfSupsfjmTETDGC34KDg/132',1),('oxci95cTWJ18z1uoZxrHO1I51FVQ','赖鑫','18375982350','3区23舍',1,'https://thirdwx.qlogo.cn/mmopen/vi_32/DYAIOgq83eoLANaQ2qg2XWAnIZPIr14P8PUnDKogmpXqoVZbbLMoa4ohHFuxUPslic35KfcppBYicdIVaqibZmerQ/132',1),('oxci95cuCZLpCnDfqXoHyRXV3wg4','','','',1,'https://thirdwx.qlogo.cn/mmopen/vi_32/DYAIOgq83epCwicIiazhmKWFyibMic4ukH8jOszPUtAZcFY47p9jtbiayJ2UhLvN1cBA2plr9d5OyN3YQ3WU6uO334Q/132',1),('oxci95cvFOXZKAoU-l-UFF6thfBI','','','',1,'https://thirdwx.qlogo.cn/mmopen/vi_32/XYc4mdqC9fel8v7icLt975OLoKw3ibcX2OrViabYwXg5X7JIicdf3kicjheyrqUWgLcpgqgnia5qywAkCiaBzqEa8KMPQ/132',1),('oxci95cVypSMKiDVOPMUuno4utEk','','','',1,'https://thirdwx.qlogo.cn/mmopen/vi_32/RCRZYVn8Z76y7Shl87FeW8s1P93RMMBzTMntia00zSJDh3wJeJsX8tbKZKganTnCeXojlWCofe96uiblM2RKwaFg/132',1),('oxci95cWduDK9F83DAPDrlrZLE6c','杨','15700308163','2区10舍512',1,'https://thirdwx.qlogo.cn/mmopen/vi_32/DYAIOgq83epZCzYccqaO0ugic870OyGia8cMFTrMIn84z4ZMicibNefcnbWsTce4QILLsZCbGYiagMP6B6COqnL5veA/132',1),('oxci95cX2xUU1rEqh5OY8kOc5HR0','ssss','19956453215','2区10舍',1,'https://thirdwx.qlogo.cn/mmopen/vi_32/rrshghZWIMUDSwrcy2d0JFNXOgnhX7lEpGsIh5tWZF5PPR7mZrPkfqHFJVkeld4fHY3oRicghx9AgtPbJL6aPuQ/132',1),('oxci95cZTL2adEI8KpYn8P0S5gOk','刘冬珺','15656469703','2区17舍102',1,'https://thirdwx.qlogo.cn/mmopen/vi_32/w4WA3LMMDUzsdAXsG0ibvxt1G2PZsic3IeX25ibw3IWwiaX58S8q8BQyAQ5SHyZ1qHrgiaBiaBvkBNJgBHg7BibKibtBiag/132',1),('oxci95d5dszJS1eBy9l6K-SykKDY','','','',1,'https://thirdwx.qlogo.cn/mmopen/vi_32/Q0j4TwGTfTIzkVzcs08UY3hfjSd9aibicSGxrGmvz9oWEpkmqyvz9RblW3zn6BvUascNAemGvTsRrp8zVO9Cvia6A/132',1),('oxci95d5OTuLX97mYA0CcNbhizEw','张兔兔','18166332714','3区21舍b710',2,'https://thirdwx.qlogo.cn/mmopen/vi_32/CbCzKicMF5Bu40tTRSpXv95pbUqj2fzbYFiah9JdkBN0yPXaNEqXUOic2TiatGKVzgevPxFJwh8EvTVDp5JWohupZA/132',1),('oxci95d7zV6njbbDMZ4jxIvHTqEs','傻逼','13322233223','',1,'https://thirdwx.qlogo.cn/mmopen/vi_32/DYAIOgq83ep67Qd1IcI0XfsnWajicZibzVz7H7Qzl6t4gjZzy0D34P1GBsiaMYk0eoJ9tqWAvPcaUMJCzcD86OgiaQ/132',1),('oxci95dGtwJJ6UJweio4bbPFM0Pw','','','',1,'https://thirdwx.qlogo.cn/mmopen/vi_32/QcCXS6PuxQsXJ4iacUxlrQic9fRhib2Br7IzHC8DG3F3hGib1f1CwRKuIbQia5W42Driax4z7rmf7HCd19pMOXmobFDg/132',1),('oxci95diR8PFRUrzBX19weF4qSsY','范','13849876533','2区12舍',1,'https://thirdwx.qlogo.cn/mmopen/vi_32/L7ibWSo1vrhzoia7MewSkM4MbzkHmdO6iaX18yGIjwaOpIeaUbZ3Z9wibYkshnlto5mvlVSWMreD2cFxs02eJZjIWg/132',1),('oxci95diZyhkAZpfOhZN0R5UKXi4','Hhh','13277412089','Hbue',1,'https://thirdwx.qlogo.cn/mmopen/vi_32/Q0j4TwGTfTKAaeSibp01I4yBeFrU8WvLuib1o0S0Qrpelk3icMNibeHnet5x8HA9L0D6nEv1uPbLNuKn5zSKEgBZ3A/132',1),('oxci95dKY8Q9hZ4OX0p3NzyHFIM0','','','',1,'https://thirdwx.qlogo.cn/mmopen/vi_32/mO8kdd14MJjgVWbgJuxR5anADafFe46k6XB2Yd3iagsOLYCuwwzsgRBiavylZfBZnDytibpgiaxQlJO1S8T30Aq7NQ/132',1),('oxci95dMfdsaZM68_rGkILWVauz8','奥迪','13713659905','2区10舍',1,'https://thirdwx.qlogo.cn/mmopen/vi_32/h3xnlXLyIUwfl0O1liciaF8DNFUekErylOdWicJkwp1ZpLJkxtcta9YhKsSy7YTogkeWmal2waoODa1WQxSAtvA3A/132',1),('oxci95dnpvh9kME3lZ3gMWLw0AjY','','','',1,'https://thirdwx.qlogo.cn/mmopen/vi_32/4mR4VAECQKCQQlmZZYTTLFph4AYsSJKicAh61ogt8dpXndYJsJEADBapox0OGWeeSWJdAsCt96mPDe9oY0x3t4A/132',1),('oxci95dOPz4dmdbZUhK72pTERe-U','','','',1,'https://thirdwx.qlogo.cn/mmopen/vi_32/zJ3gticiaOP5jYLGT8e0vCc4KTnSbuq73hGxh45UsRPGvzkqq8unsQIby2T3icetFDs4UQweD9rNCvGgrttw8BMCg/132',1),('oxci95dRcUHvFMXX0XGj-vMIeUO8','七七','18064989705','濆江园林新村14栋（12教生科院背后）',2,'https://thirdwx.qlogo.cn/mmopen/vi_32/dNSc0FI68icqRB85V0mEfiaialdH0B5m9XFbKKCT6xyfwa8frFgozYPbQdTkcWL8bZNV8au5kzRb8OMibib740ibRezg/132',1),('oxci95e5gFonb63SIAJRIklxW_3w','','','',1,'https://thirdwx.qlogo.cn/mmopen/vi_32/SjzWk6thuXxyXKIzsJOTnEa9SHfyhc6XvWNCibfqhkCEyEfsYH3KEG9Cm0hBGFplSjIeXI2IcTLFBy7tJHVy6sw/132',1),('oxci95eA2z5FI50i2a2Q4mO41pcI','','','',1,'https://thirdwx.qlogo.cn/mmopen/vi_32/Q3auHgzwzM6iavicUz0evSPeI5LrG6w3Rjy8TibF92hf7mDWUtyVNTMOywcc0b562kNW8SZFUwABHMx3IpibVrpOLg/132',1),('oxci95eEMe7Bo_Qm8OS4W8zWSITs','','','',1,'https://thirdwx.qlogo.cn/mmopen/vi_32/mhSYbmpwSzWEF2icB4u4V1kUFiaTtc5OFGJyS9cC0MdRStBZeMAcuMcFodQRhuBWpq2libFeGd5F6sIHXqf79EibicA/132',1),('oxci95eldNnakKoNcvb1Uob_ejIg','','','',1,'https://thirdwx.qlogo.cn/mmopen/vi_32/DYAIOgq83erHuUonX07srnnCN2uEkWgKMbEWCR1K8OXDiaoBOPFPpnIKyraV0NLvaSz55PS6aRvU4L4mVlluUibA/132',1),('oxci95eLLZnkm0juiUhnGlFZvgWI','邓菁晶','18882823283','2区12舍503',2,'https://thirdwx.qlogo.cn/mmopen/vi_32/Q0j4TwGTfTKIwTF8sjuRRTdwUZSPe9jEqo0CPT65kBXtDQx7xia9MZxCrQFv7lhsUFGmibZYe0dVIEACyPpbBtaA/132',1),('oxci95eLsgtBUy413HC5r0ZyTOPM','小张','15681605096','18舍a606',2,'https://thirdwx.qlogo.cn/mmopen/vi_32/PiajxSqBRaEJmcoP62BYu5ps0zW0gXjLV4aXOHich0M75eoWeYuV9qf2HRxDBttIJ3AYt0ansFsJHx0w6arQoIgw/132',1),('oxci95epe-y3Dc9_fFAr2PdOXuA8','','','',1,'https://thirdwx.qlogo.cn/mmopen/vi_32/HicGWCcU4ZdU7YjYFklaewX8bWKVEE26PbicuicqgOFr9ahNaKjG4jz76BbCGCoFSv7oAXOWJ5gT53gLmPPyQgFKQ/132',1),('oxci95epwVxZLKqPCrYniD4T8Ojw','','','',1,'https://thirdwx.qlogo.cn/mmopen/vi_32/Q0j4TwGTfTJxTic6Oaob2NSfv27IfDFdJ9UibcibbpjoSZBfYvmYcS4l8FdRnGJMgbTm2Vd8pt4g5lmv5psmeQUfw/132',1),('oxci95eQJ7d_1xXMCoSvUauCviBE','','','',1,'https://thirdwx.qlogo.cn/mmopen/vi_32/EzK4DOJBEMYWthQflTZVdrMU6H9iaTlX2ZVXp1QYg8pUTDsPhrJiamVZSYOPyKTXvGia7ks33jZWeGHYXw6pSqWOQ/132',1),('oxci95eSPJiVR2e8twxhzoDNU1qk','张珂薰','17361210380','三区18舍B404',2,'https://thirdwx.qlogo.cn/mmopen/vi_32/jLFticfV20T12TQ0gxbiayB0PQ7SWakPTe8gcANuO2s9gTT7zBqTd7cKAibyInrkib9kKsccqjUXFdazDx2ceUQLwg/132',1),('oxci95eUdmbM3YWddlCVCCIGzGeA','','','',1,'https://thirdwx.qlogo.cn/mmopen/vi_32/fy5Fagvl1sG7TSCoicvVXqNZrGmJx3UBic7iabzvQoT9ljyb0mY3g4G3Avb7OQQOJrjYHxNqfN65gE0dmytzweriaQ/132',1),('oxci95eVuCFnRhB66i35kamXXeog','','','',1,'https://thirdwx.qlogo.cn/mmopen/vi_32/sdibHz4h6mrv2UgXIbAMKjHX3MHHo49zu6H8MiagxblI3O2iageEnjIzVhEHQOE3d81nHTKcZeoKe7l6TaO10cAmQ/132',1),('oxci95eW3tLSCMcJ4JmyT0ISb2a8','','','',1,'https://thirdwx.qlogo.cn/mmopen/vi_32/MJSyU4ZQN4AXRxFB35QwtFR7wHK0E8t1V86VnMjvtNHWDuWu3iaxHIKx8cN8wkNWhqUzEn2yZMvxNjAnPrD2Zjw/132',1),('oxci95ew7GsetWGXJCh1JdH0_Dg8','','','',1,'https://thirdwx.qlogo.cn/mmopen/vi_32/Pu8vYLqnW79xI2Dl7PXVrQicsSM3lBGMDicxibsFxfIAmHLNrd9t4TezYj8PQgz8Ka4XIJVFKkrHKwCIIlwib6wurA/132',1),('oxci95eY9iJS8s6QLJi0lr4JPudY','房','17801729027','14舍215不能上寝请取消订单',2,'https://thirdwx.qlogo.cn/mmopen/vi_32/ljAibJg5VULKhIRSHvV2GMJcg4082qyUIicia6e5uprxuW8ymxuyIagzKYmvAeX5ib6HCHib3kbSsvgL0jLH4v91klQ/132',1),('oxci95ezS8vhzD1nzV3W9gXMAvAU','何','18580962449','2区13舍719',2,'https://thirdwx.qlogo.cn/mmopen/vi_32/ajNVdqHZLLAspVrdozU1ibepEXcO4T73HC159kHCe2hs2YZPxYSF8mtJq9zWVJVDgG7mxhichLxgtmFAMjycbwtw/132',1),('oxci95e_DIxfA0H0-_StOCWI56g4','辣椒酱','18516312132','2区11舍null',1,'https://thirdwx.qlogo.cn/mmopen/vi_32/DYAIOgq83erD0TQia7DSK7oHDpz1vKfshUlKhKsVz4X4e0Of2wguz5pkiakHgLxze6pxR4qQ4VPusDHuibEowicVXQ/132',1),('oxci95f-L6hnfcbtopnQoERqPu_A','','','',1,'https://thirdwx.qlogo.cn/mmopen/vi_32/LkZsmVEt7rMnwHYuBz1j9gsicpUfDnXlgF0Z9LVGzJ3DU2OvLf5LyP1ibxGAOP2Hql9GXGcGqxZCd2bEKZJ4AiapQ/132',1),('oxci95f37tN1X5dQsqOo8jqnSrzs','','','',1,'https://thirdwx.qlogo.cn/mmopen/vi_32/DYAIOgq83eoJBx3WcPSY7iaKfDVm2F61Un1tIxDEFichBbPw1f13mMEibLickldxhthXbTNRVUyxzCADeMAhqcNugg/132',1),('oxci95fazsbZYnSxm9jTZQ5MddKw','Tina','13056695800','现场',2,'https://thirdwx.qlogo.cn/mmopen/vi_32/DYAIOgq83eo1VEIuKQia1ktH6yE2Iu0TFmRVcLh93JkNsOGBEB5x1fzTnagceyQxcJ92vIibmp4HicryFcN3c28FA/132',1),('oxci95fbGBUFLjhj_FGkhu55LjKY','','','',1,'https://thirdwx.qlogo.cn/mmopen/vi_32/DYAIOgq83eqj56ubkps379XKeneJsxfNh06kSPoFGdJ04S7jtJC71K6YjeTLichz2tVzRvibhy49tshtqCsT4SbA/132',1),('oxci95fbLV_RxLp5ZeH3s6m2YRzA','刘','18383575760','23舍A505',1,'https://thirdwx.qlogo.cn/mmopen/vi_32/PiajxSqBRaELiaYthUq48q4GVicXNNTibD0jib4SvI41Q9tibib161PVELG2kaUPnabdROuxTvrIt9ETPeicrxdoUmCcgw/132',1),('oxci95ffFa1bS3fc2XnDwEhTUnK0','','','',1,'https://thirdwx.qlogo.cn/mmopen/vi_32/xfB6s5q3AQ0bKictsXPOdibjOgKiaqKrbhPLq1d162eIptQollkfic1wzcZRxmmHW2DYbTOYIW7VcJnfDDMmTPfgmw/132',1),('oxci95fJTQ6fk2D0SeWlPoInyvYo','','','',1,'https://thirdwx.qlogo.cn/mmopen/vi_32/Q3auHgzwzM6TlicOouvwIQncia3HM9Onx4TrENrLOz6icAuxQeNvzMXnkseKyo8ibWS9YpInuzXtXemmJX46NxDBFw/132',1),('oxci95fkkE90-_UKLWItRSp98csc','','','',1,'https://thirdwx.qlogo.cn/mmopen/vi_32/QOziautCDECDoB4qFTtricNy6rjUD2MZd2bOnPxvCnLc1C0C5GPQjrtDl2dGJD6tm30u13jpZRXnYuuEPs5eF7qQ/132',1),('oxci95flbZ63x06tql0umb69Vzrc','','','',1,'https://thirdwx.qlogo.cn/mmopen/vi_32/lGmpt34icnSg0iaYw8iab8AE8FTBsyar1CVh94sKKo80ftEjkDb9QFcybFF3TI2hXzjlmtAdkSNUIhV6mYzpkCobg/132',1),('oxci95fLmKPAPeHgLxCJgksKPIzM','','','',1,'https://thirdwx.qlogo.cn/mmopen/vi_32/POgEwh4mIHO4nibH0KlMECNjjGxQUq24ZEaGT4poC6icRiccVGKSyXwibcPq4BWmiaIGuG1icwxaQX6grC9VemZoJ8rg/132',1),('oxci95fLmR0IbiUzXgUvGDH7lDHM','','','',1,'https://thirdwx.qlogo.cn/mmopen/vi_32/7X0W86Sd2ia3Ft6ISoiclGmQWALjD8ibxwtbHrLIH48gUZglBR3hnMY738b7vMPRrswfwmuREMq9LTpYpYVqdGciag/132',1),('oxci95fqX2AmaFaa4KLDpnuak21c','','','',1,'https://thirdwx.qlogo.cn/mmopen/vi_32/Sby6T7TLiasibbqjsI4sIOZwGTS7DibR5N0ePQO7wn1VUaGLwWSTDT7Y4PicsdF9LQf5LeEDqCRTAe4hQSEltzjnFA/132',1),('oxci95fULqLXqUQ-ys83gXzxyOcg','','','',1,'https://thirdwx.qlogo.cn/mmhead/1AxfZEb2lWrZL9J3CbhdFo3kbDtyn2vT4OCIcEqXWZU/132',1),('oxci95Q2jRilDVhRzlJ96AyHuK6A','','','',1,'https://thirdwx.qlogo.cn/mmopen/vi_32/muicwf6diaciaaK7EJ3qs08SRI7kbdRXqjLsvQWhj4vZDzZGruqWiah09hRvAiaibZPsJL6ZQ0OZ01p6feLcce6AOg1w/132',1),('oxci95Q5CY070GJ65PCxfoCSK6Hw','赵子豪','18781139792','2区15舍308',1,'https://thirdwx.qlogo.cn/mmopen/vi_32/K0eBHCBtLicJKhnf6DlIiaINtAlvsRenRSAq3ibSYh5sgQtgjsYmKAV8sHsbgKtsWRxcFFFQatRBXQ6j8AyetfQfQ/132',1),('oxci95Q5DMtOsupPizDl0D0Awaww','','','',1,'https://thirdwx.qlogo.cn/mmopen/vi_32/Q3auHgzwzM7FQytzw9lVF0ia9WoX2zsMYqJZszM8JPEY1ml5vkewZFyEtvHrCiaXwDMhoDelJNaBmX7hIf8fKoNw/132',1),('oxci95Q7P9f_pMV8-rbr2fZLGlW0','','','',1,'https://thirdwx.qlogo.cn/mmopen/vi_32/Q0j4TwGTfTK5E6v8HIQIXwl9p2BvtzMDMAexiarc5nC10wiaLAvSxlibTaujxDxCeaR9ia8CcOqzvS3zhpBVVLhOCw/132',1),('oxci95Q7xZ6GNvD5RkmfK0aBcI7w','李白','18155161874','合肥',1,'https://thirdwx.qlogo.cn/mmopen/vi_32/Q0j4TwGTfTLTsFusKjDgickt7vbt3Q5zCN9y1y8WqCTJP2tdsWBLduc7Cl17VeiaibDLyh5gymKmUKzibviaN43n50Q/132',1),('oxci95QBBMGF-S-T0YImEel1bwbU','','','',1,'https://thirdwx.qlogo.cn/mmopen/vi_32/Q0j4TwGTfTL6EicLXHeU06eZwuJ7Fgcb5dEOf08afGnCwcB0rRw8NLoJUBc4S2V4TrmyV3HERNzqEwmDWTsX6lA/132',1),('oxci95QcTnDTDzf-0qUK5SnQT_bM','吴','15198056123','2区16舍504',1,'https://thirdwx.qlogo.cn/mmopen/vi_32/Q0j4TwGTfTKLictjMP1JHwEWT0meF7UuUrwGWgBXIqyUhWJMD70pibTBRd2XMYL87qz4O6ktwJpaZIhU06ia5FicJQ/132',1),('oxci95QFOF3Jg6AuoDLb1tzNtg9s','黄瑞','17321912931','3区21舍a208',2,'https://thirdwx.qlogo.cn/mmopen/vi_32/PiajxSqBRaELNibGCzf2dSgyvNvRDKcdETsQHQStBfWiaRiaQYIh8yicic160MCFibXtQ18Cf7jFaWFmUz4D1VlReNh0Q/132',1),('oxci95QgAE1pBSnNIwGx3Pmo_3YQ','王浩然','18208320229','2区16舍504',1,'https://thirdwx.qlogo.cn/mmopen/vi_32/KicAia3SvbJ8WEPOHo4GJuPzTTQSTdcHZh2fG7c8B4G7s5lvHRSiaQXdvkflUyTmM2R4uSNcCF2EHF7sfagk5YibicQ/132',1),('oxci95QGFRHaUdcXcb85Y8sjJLFo','','','',1,'https://thirdwx.qlogo.cn/mmopen/vi_32/KyzfE3EzcxUTibXnMicYnvz2tOIibboIElRlaKorBcXCibgmwDW2nRUkCiajUZD1voOQyWlNtkZE05WHYlwicT9wOj8A/132',1),('oxci95QhfHbT10DWwLg9GmpOFpkw','','','',1,'https://thirdwx.qlogo.cn/mmopen/vi_32/Irl1b0iciaBcsictvGpS72gXHRXFEUoxPyn2wTeAscVWV4cB5Tp3hb4ZkO6n7cm7C7rwc25wicVu5mNT9cq5wALQkA/132',1),('oxci95QiFQ6V_p3Pr5frTig2eOT4','李飞','18383507282','2区17舍201',1,'https://thirdwx.qlogo.cn/mmopen/vi_32/lGxjJS2DQw9QbLsLUKZUZ9ia78Hto8lkxdZJLyHhu9XbMepPAQsGdGrdgdzCz4T1urQXVYk9qS2lCWssEGsDiclQ/132',1),('oxci95QIpYZkSVm2xSiy4Fg_Jd94','吕蓉芳','15342884918','2区13舍211',2,'https://thirdwx.qlogo.cn/mmopen/vi_32/sptpVH9ezJYD1osA4KM9JxWSE0DZT1OeUrO1Ml0lw5FVbXO9pica1xhxIDfCvGqTR27agmUtWm2IUguIicic44Q8A/132',1),('oxci95QjjmGOAQxstYZqa8a2F8Xw','','','',1,'https://thirdwx.qlogo.cn/mmopen/vi_32/z7zODMkahEbPArNg2ehC8gDGqgvOE9wKXkMyjFAlr2jv74G0WDLgDODjeppa0LAhib03gkloD8Yz8Q2GTWpRw6w/132',1),('oxci95QJKDT8mLKxe0eRTpqjX_QY','崔江哲','18232000927','1区7舍111',1,'https://thirdwx.qlogo.cn/mmopen/vi_32/Et5rgf5uAKNuqiaw6Mz5ojC9bwaZXCZvPoO4pSiasM7KJbSCziaOUjGqHBvqpiaoLEM0ZbAKpTz08MYM45SLapDovw/132',1),('oxci95QmCGNLR7L-6--pR5Sxomh4','他爸爸','18776579705','合适的好的呢',1,'https://thirdwx.qlogo.cn/mmopen/vi_32/DYAIOgq83eo1vgu4dvllGAs8WqPoAl27swmpYUAJh5PhnibozRgVmxSVVf0aVvuZOwUDE1O8IxKkFlUAmX6qPCw/132',1),('oxci95QqM4-G1Ij1kmRNiVJcLRxw','','','',1,'https://thirdwx.qlogo.cn/mmopen/vi_32/Q0j4TwGTfTL73UfJFbKVcliaXXRTCmChVuB3aj7YMHeNaRnekArll8TOUNs0tbgv61zazyavuXLhn8GzNeRc0NQ/132',1),('oxci95QY9Ev7XLEgI430iLCCnaRs','','','',1,'https://thirdwx.qlogo.cn/mmopen/vi_32/wFic59AmVxkIs7lNeJZZsucicicfZsoVkdfdrQz9ZCufyeeeGPueB1avibbwAhicf5jF5ks8H9ajosY4xMyavyjSNvg/132',1),('oxci95QZrp3VqSg9Ud0fn9fjAoGU','','','',1,'https://thirdwx.qlogo.cn/mmopen/vi_32/DYAIOgq83eqxoKrMYw3dyPd1ss6yibdMu6icxqXbuNkk7utRy3JnV5FLjOMicW3FqjLWkKWRictibSlAummXvMicTgibA/132',1),('oxci95R2vySiBzSZpxxvgSbmeXMk','朱','19934043871','2区15舍702',1,'https://thirdwx.qlogo.cn/mmopen/vi_32/DYAIOgq83eqCmD1gBXIBoX5sJtRl3BmvOJFqe0pRfeSzicCz7YG9m3Bo8d4ZvF4TYPcdeWwbJ5EdhhEL0OG2vZg/132',1),('oxci95R57oVBxvKjHq51EBAvCMtA','哦明明','13645454345','2区10舍null',1,'https://thirdwx.qlogo.cn/mmopen/vi_32/ylzAeIndliaBJm6gt2Osg5XJHnNhzUpia1HzD5DeWoW0diaKH7ficSMElSpB35pxX5PaOQ4T16Rg0UScCnJeiabKx3Q/132',1),('oxci95R9Bas_1SZVBfTq_ps4DCK8','','','',1,'https://thirdwx.qlogo.cn/mmopen/vi_32/TDBGeYvkguPu2Rf0uMaiaWN8VqydOq4wmibP0zJN48kSKxVhInyYiaMXn73EfD4o3EqwR5CR9xK5tokLXhYhUAxtg/132',1),('oxci95RDa4v6LvbX08c2FyNlltwA','','','',1,'https://thirdwx.qlogo.cn/mmopen/vi_32/hUQ6EWP6TyBBn4rV1MQz1xgDQxobk0bckkiaz6P91Oh9PyeicJN7oVTLzT0W23GUMfkkuBG3k7Hpia9oDtX3VXEkw/132',1),('oxci95RgfMKbIyGfVoO3cf3lRSX4','','','',1,'https://thirdwx.qlogo.cn/mmopen/vi_32/PiajxSqBRaEJrdmhYR7l81AhgDfjickqtXPwbuVHyB1N7my6TTATR4rXfdqp20nYHp21H7icL42wwMd3uoRibTs4fg/132',1),('oxci95RKFpbPZYjSBkXRL1TwbFQY','','','',1,'https://thirdwx.qlogo.cn/mmopen/vi_32/2lZCETWia5X32gKJTdUvumIUFM2qy1I7RWr03JFpdSuaibxOxOkxevoS0mk7jPz3icyfU9vBjAbiacV8ZJNO3HLcoA/132',1),('oxci95RlFAzPn0foy2wRpvaU7ins','','','',1,'https://thirdwx.qlogo.cn/mmopen/vi_32/dyXnWD9FiakSUFpticSVOQmcJMAzYib8Yib7dVmgKia55GDicx1dHXmzcqbRhG8EsozwMqeJiaoXF0rh8KIuC4MYibNZicw/132',1),('oxci95RLxKJJehqWdadUrrJt9rTU','','','',1,'https://thirdwx.qlogo.cn/mmopen/vi_32/Q0j4TwGTfTLJibelibvHLSKZWUbmm1sM3EImJGcmz7GTV0sGxQVeP7hN0rehEgWGARNZqQCQk6PUmMVzgeNQQVuw/132',1),('oxci95RMAD8kB048m12-IAnw1-6U','','','',1,'https://thirdwx.qlogo.cn/mmopen/vi_32/Q0j4TwGTfTIpxjKKSfkprEb07zqumvCK4sykVejg2Zc7tPwM36qkrA6Iyiar1Bpk4KiaHUuTP7iamdVZO25ibGxZuA/132',1),('oxci95RN3nq3s8HWGPtHg31uywgE','','','',1,'https://thirdwx.qlogo.cn/mmopen/vi_32/rwcNf8QXAeHx6HDZ00Meq2qVAIQcAh40yxRGZ4YZoYuwDMy1qibX6oaEQOqZQ62zhjicqsqwV4DIehiaENOFunGbg/132',1),('oxci95RnoD6fsjrGGs4t8qP9nQVY','','','',1,'https://thirdwx.qlogo.cn/mmopen/vi_32/Q3auHgzwzM7DHdA9ibcNVdKx2ltia0fNaeVlmUSXhtMekxGbVFQibZL4cuQ4oIo9icgtXTnib4I0J7gNebibCULiaLswQ/132',1),('oxci95Rtn3D8rP8Ol6jGYMjugXBM','芶浩翔','18383550382','2区15舍309',1,'https://thirdwx.qlogo.cn/mmopen/vi_32/9sOqZ3H77jY97hicAGkfaPDUibWvctuAjvybibqjSI9cTN1BoBsV3GsqumVFDo6JWInEyemfBKCuk4gIqicUJF0icog/132',1),('oxci95RXLAq8p4ALKgIdz5Bb6Jn8','何','19130487501','2区15舍407',1,'https://thirdwx.qlogo.cn/mmopen/vi_32/Q0j4TwGTfTKGJmSaxaKLib8aT5icRNclz6KHruC1qoqjj0SvASbF0Iu2OJzHKf0BhQ3E27W8zAoKn5ClHNSwGogg/132',1),('oxci95Ryg1IS3G_v60jq1ADDu9DQ','','','',1,'https://thirdwx.qlogo.cn/mmopen/vi_32/7WnHfxOQva6YdJzIzyib3YiathDMFsicnHZaqJeV0M6iasskvmvU0UvzibxIahLXIfqic7aEYqdXlctarl5BKksJtQicg/132',1),('oxci95R_9JifyGZOfk7knPE5w4l0','','','',1,'https://thirdwx.qlogo.cn/mmopen/vi_32/V2hyJiba2edIr26BokQ0xqAiccudfEpG0Fz0L3kr4bSVfZ7Liaon0ZiavkdzUFIccUsdIWrr29EmguX3OPkwXrBk5Q/132',1),('oxci95S3xNIor5U0vtua0s082bUs','石锦源','17300200926','3区19舍b402',2,'https://thirdwx.qlogo.cn/mmopen/vi_32/19N5pR9KIlO9EicygVNGwLGNDFm5veOeOoCklSiaOVRU3sJhn3ZQn8prljb928Gr355MsqvtIPe2yKN4w2Hy9HwQ/132',1),('oxci95S7peqeUYW_5jfiGbLQ3x1g','','','',1,'https://thirdwx.qlogo.cn/mmopen/vi_32/DYAIOgq83epr7YmicXFeM2dHW2VyossaibIEfzcvn00MSUjRJaKLIE44eK13I8S73mrEruSGtDPvAiclCcSYDFM0Q/132',1),('oxci95S8-PKARhfcxHg1IJOxV550','陈爱铃','15228610122','3区21舍',2,'https://thirdwx.qlogo.cn/mmopen/vi_32/2Acwo3uZnYrK8edEyIb6BoibeII6WkawyljmTjhicA4LkePRhIYZCSSNTnFtoI8crdMR2mmhKgxdFiaon2WysWs4w/132',1),('oxci95S9p4xtVwyc5E3aw11jb0MM','','','',1,'https://thirdwx.qlogo.cn/mmopen/vi_32/Q0j4TwGTfTLuy82M4WSJusSCbQERKzvWBJ3HMwicicfhiaIYSPpGWoDgHoKMAK093Ur9lKgkaN0AgStFcWxURZJaA/132',1),('oxci95SBqRU5djyU1SEAfD4WMv_0','','','',1,'https://thirdwx.qlogo.cn/mmopen/vi_32/DYAIOgq83eov0rLCwTnwicHr7EfS9PiahibibkjWIEXcp3ic8lqYficUrXbicTBOBvJd82jNkHyibtPg1gJHIfyQ8Tx1bg/132',1),('oxci95SCN1_xrTA_bg60vwKUJosE','符','17746753360','2区11舍519',2,'https://thirdwx.qlogo.cn/mmopen/vi_32/u1c3sN70ewNS1iaeLmKMd21ZHbeW3Yfia2vGXicVBiaIDXtXRl1Oat3X6ia5pPpick2KFghnd2tiaVyf1Uo3P2OJibJXiaw/132',1),('oxci95SLbvpuSMcSZ0oxrlfS2o-8','','','',1,'https://thirdwx.qlogo.cn/mmopen/vi_32/Q0j4TwGTfTKqgA9lJIt9vpjAYyic72I3eSEbUbkibmib1yGjyB3FMwZ3xueaaYw7zMf3AA7qZAIKxibxxMELHsO0Sg/132',1),('oxci95SMAVciy0UBWKkRP22YVJ8o','','','',1,'https://thirdwx.qlogo.cn/mmopen/vi_32/8bUM784D85naECGW1PShPERz07ZtVAuhfDicAqIeibBqPKgykM0lzco6a4cWaNF71XqDgACN3MVRGddH37bSknyA/132',1),('oxci95SmBtrxtMKMsTZf3qAcztPQ','张凯棋','17390434510','1区7舍503',1,'https://thirdwx.qlogo.cn/mmopen/vi_32/Q0j4TwGTfTJPqkibITbIiaRovVUgMHBgpQG6LGSR1lLaiaKhibnyUiaJkox2ibiaPco23b8OYSYkSckleiahMwqv1UxkUA/132',1),('oxci95SnSaCpN5NAvv66T4XYDVR8','陈亚如','17058179046','2区15舍309',1,'https://thirdwx.qlogo.cn/mmopen/vi_32/QVbFCBFjPlvzLBBiabIHYxbm1jUGrk56Rnt6vJLarFNYxH95qUicd0W5MChcvqyLwb5lvHJbiaWokU9d90KSho5PQ/132',1),('oxci95Spnp6oqp_d9kf30ttcyYMo','','','',1,'https://thirdwx.qlogo.cn/mmopen/vi_32/C8dW9GFDHAy8b6O0QF4sv4afH3CoRzOK6XfJve4dGkRQ8YnAicKHDVh9jxgwibfyzRjaOqtaVE5CsC0mT81Dx9Yg/132',1),('oxci95SRqyWfe07fttDiLxTUncvM','','','',1,'https://thirdwx.qlogo.cn/mmopen/vi_32/DYAIOgq83eqjE1jnLSxBgmtjeLumt9fPyo7MFkzD2vhlicbhjLaRk2IyO8aCVRK1U1H6jmvx7a35IIzZ1Zz2b1Q/132',1),('oxci95SS_ZR5Izm0ynv9ZXP8cvag','高清晨','13981921496','2区12舍202',2,'https://thirdwx.qlogo.cn/mmopen/vi_32/wSicahddU6jiazDYxJbor5OyraDQV8LNS197mKuz2agmaibElQypH0foYYnpay7AhhohYbwxMTBjQkMPLzicqvK7IQ/132',1),('oxci95SyeEblq62rOAu-7j56MsWI','','','',1,'https://thirdwx.qlogo.cn/mmopen/vi_32/DYAIOgq83eoHtaYB99BBIiaRXDlx90aCEEdvrk1XeTeaqQrGqK1NUTNLpkeUvvLElPkHdqbKKzf2ibBIq7dPBSwA/132',1),('oxci95T1US-3V3_1hJp8YPIOJYxY','1876','18768787787','187687877878',2,'https://thirdwx.qlogo.cn/mmopen/vi_32/Q0j4TwGTfTLbuXiafdYFyFgpibzkPHQOnRkGKrmsVxicnOIkPs2K1PXo3NdEe4EdZFEUpflx2KqRdZX9xhy5AO2wg/132',1),('oxci95T33arJk3K286qIbX6zzvM0','陈先生','17321915204','3区23舍A301',1,'https://thirdwx.qlogo.cn/mmopen/vi_32/Q0j4TwGTfTIvR70LhzRNoibKYzSgtR8PnLic6uib6HIibYq8v0ibwgURU8TnJaZBHjSg5ZDRQqNtMzicxvL89NO9yeSg/132',1),('oxci95T4lkqdsKZDKVOKZDd90GKo','','','',1,'https://thirdwx.qlogo.cn/mmopen/vi_32/fWhmE6yBucdMhQ7JsQfD50PZZkxMzhDtLlspeWic6UyeZ3ico3WKdPWTib5PhvLR5MXBbaWiaVhRbsATcPCQ2OoZ9Q/132',1),('oxci95TavexRTRjWMVZPCZE2L62k','','','',1,'https://thirdwx.qlogo.cn/mmopen/vi_32/vibkEE9ia1hFsVQRDxibWVQOcczGqpiabaFiaSVq5X0EhVjiaZRj6icA5rhQniaicCz0cKWSSEIRCtLGQyyZu3xIkGkI57g/132',1),('oxci95TCyHJxPdUvktU4yrY4kXGQ','','','',1,'https://thirdwx.qlogo.cn/mmopen/vi_32/VJ3IyBc69lGevjfsANJzLqbbxmLE3ZR2P0WGS8u8tDRURDKQtbic3hhKf5kicxw70Fs7Q5SC3QiafOqQZV5hIfNJw/132',1),('oxci95TePi00bjc5enmm2qTzF9D4','得到','17777777777','2区10舍null',1,'https://thirdwx.qlogo.cn/mmopen/vi_32/DYAIOgq83erfFHQleb0bibr8lBwMia3nZtnibg06J7KdHmVVwsR3IALweHaYTbxYbCperYbs4Z5aia7hzj7t2wmFTA/132',1),('oxci95Tewc1C3pyh1fcii4dEKiZ0','','','',1,'https://thirdwx.qlogo.cn/mmopen/vi_32/PiajxSqBRaEI5icxL9oCjWibSBc6tlTkhp906DtStJgEPmZPYGiaJialLxMGl3L1WaeZH6FR9A46qicGnpAORfNtBvYA/132',1),('oxci95TgbsKEv5zPdYTz5OrWMqBc','','','',1,'https://thirdwx.qlogo.cn/mmopen/vi_32/Q0j4TwGTfTJUSUdGJFtQopmQ0Fx3kGPuIjxcnEg4sNicHxnwGmdrmRQVCPfpq6XBzQeibib8d1HvEfmDA0prYqXlQ/132',1),('oxci95TIO1GKLMig-RZo6i2lfDfo','王茗雪','15222149371','13舍404',2,'https://thirdwx.qlogo.cn/mmopen/vi_32/8DZibQ1UyBwx2OD8uejzAibfKIhjgAfbc4BibEduwNgkjlwuzpCJ1gbfibXfYMdNbY4hwIFFibiaANfsIrHNiaA5tj3Tw/132',1),('oxci95TitzTasVupE6-YWidy-_vQ','','','',1,'https://thirdwx.qlogo.cn/mmopen/vi_32/wmmmB7NWCUX7EQUE26lRI0SqVB2SUosKeicpFw7UN4CzOTst7oB1BWeD3jhgiaicsMCk45Yxm7HE2W20VRdRaTttw/132',1),('oxci95TI_ncaT0sXK65vFdXSVJYk','','','',1,'https://thirdwx.qlogo.cn/mmopen/vi_32/JA5cVN4azDxcYCatCkSkx3icsicOcWJ8FHvV9K4TgicRMeGCCAT6K8US9QMDtHjucNUCgwbKQdmPicUw8oiaeqg9Teg/132',1),('oxci95TkYzNVOoxb-g4-8Doua-zM','','','',1,'https://thirdwx.qlogo.cn/mmopen/vi_32/Q0j4TwGTfTKr7odjia5geeq826JF2THhCibZDyMiaEWiaXEiaOxqbCVfZu2Vl66JoxdLDnT3rBVDEfBKMMoNDS9WW2w/132',1),('oxci95TomQrJ3_ct6SVP93bzcRck','','','',1,'https://thirdwx.qlogo.cn/mmopen/vi_32/SzZLllDXarC1TQzpj40k1vKeakVibP4Xn8ibrqMSfglrq7KL4Tr3zZW8qa6cFSYKxq4iclf8E0Jic7LnJxnGUSJ6Dw/132',1),('oxci95TQa916zr_fjrewW9twtihs','','','',1,'https://thirdwx.qlogo.cn/mmopen/vi_32/DYAIOgq83epBDcyuZwkicsia3T75DAZ4j95Uyf7lnJCmstdQ4SywpibTYmiaeCiaLLib9O8RvRY15yUbHI5Xpjg8wKxA/132',1),('oxci95TvO-yfsANPH4J93AAY_zV0','李辉','15283785665','2区14舍205',2,'https://thirdwx.qlogo.cn/mmopen/vi_32/PicwbWWWFgApDu6SMtLVicGmeJK0EuGKybbSIP6wliaCcrvjVdHemVpicTkicVs7TbhvqEOicLI1icoCJ1tSFfYn3eEzA/132',1),('oxci95TvwaDoSC47HxPIXIOb4B8M','','','',1,'https://thirdwx.qlogo.cn/mmopen/vi_32/FoE5JTn2hm8JahGPGRGrkP8AzLcX97MrwWHD3dpFqjWPUxLCa2cvibdO5sOOmNpSdvjV41t4Iatv5Vl9oyJkIJA/132',1),('oxci95TXG2BsxbR9v94AcPMF3STA','','','',1,'https://thirdwx.qlogo.cn/mmopen/vi_32/5s8h3D57kcqj7zVogbB1icPeKNTLAzxSU0BLO9KibiarQovCXWnzr8s1KG59XBA6Ixz8CPqHicKfNJR34PSRRwyYTw/132',1),('oxci95TYqWgwjRiJQjMTY7TpApII','','','',1,'https://thirdwx.qlogo.cn/mmopen/vi_32/0ZhpTyWT8fAJu0lIBR0jZlqSLp9YWSWq3Epkppg7MDklcNib7NmjaejqVIjJvr3JuzzYTf0zQrnibxJBVlArNPng/132',1),('oxci95U-x6EgjaTYB2JCnGqSujUo','','','',1,'https://thirdwx.qlogo.cn/mmopen/vi_32/Q0j4TwGTfTJoOia8n2xdlIB4XJ2wms2hMkeAkdBcicbYnzd2kAmmJBS1jciau5V2YZltGbXRXhJYX5mkZmVHNRMpA/132',1),('oxci95U0fwUvWVA6hrqqVVxjQyds','','','',1,'https://thirdwx.qlogo.cn/mmopen/vi_32/sOuSC65kXWdUmnCPV6CPAw3YzBy3BcJZ1xt9Z3fKTd3TIYoibK5IvOXiaU3DXEFCjhPIVFkzo20mZzKmAzyiau7bw/132',1),('oxci95U3KGSQkPVcymOhvP3z4jhY','郑宇','17774644185','10舍408',1,'https://thirdwx.qlogo.cn/mmopen/vi_32/Q0j4TwGTfTK1dGeaynXG4bjqBrpurXToxfRXicRTNa2nnhBPNKxVNlN5ATpiby5YYZV1NotmcMTtf6iavBicptBBuQ/132',1),('oxci95U932Ft7uyffHeDWvncdAGg','浩南','15189861407','2区12舍2区10舍null',1,'https://thirdwx.qlogo.cn/mmopen/vi_32/Q0j4TwGTfTJ8zLFn4zoFfPVzIG7fNDUuaM75S2iaTrJFngQ2TI6XQBk6gVhVppmLAgSiajOibicHcyuBfDHN2y4Bfw/132',1),('oxci95UFWJwRqKxRWGCuKNL0qz1g','','','',1,'https://thirdwx.qlogo.cn/mmopen/vi_32/DYAIOgq83epm41reCdNElO5yEpiaGhl0kos3V7s2GTxped9Lk4MJ7USUfhmDiau2hDd1XpYibU0jlsQB0zAhrystw/132',1),('oxci95UHqwRVUJ-kKMBZk-S4n1WM','','','',1,'https://thirdwx.qlogo.cn/mmopen/vi_32/Urib8DicwBmcibPeaeebJibTmyj6keO3ThtJvnuExSvmaMCwd3n0XqnTgxyQRuyDJAwJN0rFFPmXrshhPh4XsYIJ2A/132',1),('oxci95Ui8iDhyr68sPI06W6Yrdso','陈','17883189563','2区17舍708',1,'https://thirdwx.qlogo.cn/mmopen/vi_32/vyxoBdCMAjVSibiaCgxMWgaWgVvXaB4qOXsxic4wMAU6vwzIfGibavXeYKyaiaTv80erAicqCbBbcOMgPP0icfoS0xvGw/132',1),('oxci95UMkqdheY99hLHAjyvs07rc','','','',1,'https://thirdwx.qlogo.cn/mmopen/vi_32/XGNV2MWMEHDekDhBBYcXwn6G4LGv6tBv97RUkz2Vao1METcsKR2c4EASHxeibuUvz44nHCD6CtS35pwpQprn5CQ/132',1),('oxci95UMLBf8irM35RzI_Her5khA','','','',1,'https://thirdwx.qlogo.cn/mmopen/vi_32/Q0j4TwGTfTItvm6r1DJUmuYm3aVrXHCaKBjwVricNX3mYn2wn7tQqvoHXT9LRsXNPQvY1evfeUyQX7ibedBj3yyw/132',1),('oxci95UO6x4A29oQ3S532dHXCJqU','刘宇轩','19934042523','2区16舍513',1,'https://thirdwx.qlogo.cn/mmopen/vi_32/vwqjTjLWkR5PWrqKicX7tH5tsbguO9TyqYj6GJKoyOFI8HEqjtevhXu4l31iaeWdMkcLvkcCDuEqJSIue98KnCXQ/132',1),('oxci95UQE7tqWks_A4Oh2DSXhol0','','','',1,'https://thirdwx.qlogo.cn/mmopen/vi_32/Q0j4TwGTfTL4P6OdcJQenPlx6rllErHUnUy2gOphibvMAAshlEotme0SWiamkuaLP2aIVomQhHuUiasHITQ8uCdGQ/132',1),('oxci95Uro_npnJJXFuIlaAPBMQb0','','','',1,'https://thirdwx.qlogo.cn/mmopen/vi_32/Yic6UXyUeegzz6eWKlobwXAn4w9adlybicfPExJEBiaSZ9k0pj6526AuRgd71FGSEu0BDCTH4mfdoE1Z13mNaxf2g/132',1),('oxci95UsCGeouK69QhoQ4SRHAtG4','','','',1,'https://thirdwx.qlogo.cn/mmopen/vi_32/UuOV8OrMeRGuibY76OXzuBibUu6RibVrZibV5zzQQPWSn1MTooheZAh7cRZH7icg5mcNcLjyIjumfNNWHcumXGfS5cA/132',1),('oxci95Usu3wUKQ-iREfwjiG3Fhco','','','',1,'https://thirdwx.qlogo.cn/mmopen/vi_32/Q0j4TwGTfTIfd0WMxndG0jA70aoWQ1qLriasV0QrqzAWQhv64DK6snd2XpI7dFjDYT74MJsBoU1VNwe2GVoZvqA/132',1),('oxci95UsyiL7uAQi6GoS-vrTCluA','杨显斌','18383550228','2区17舍710',1,'https://thirdwx.qlogo.cn/mmopen/vi_32/Q0j4TwGTfTKaGeRdTef7yp06qxXZvsopK9QGE2F2UCPHLhICKyib1Xz3UXSQhsLr1oh5whsequ6RMDnjtshoBsw/132',1),('oxci95UT0TFrzprwZrIQP6a23mcg','ppp','13319196811','2区10舍null',2,'https://thirdwx.qlogo.cn/mmopen/vi_32/t3QoVPtMJUQ2uHVtZF8eBemNkuo2PZwVQEwGU2ES9IibXPjxkz9jYstn99OZmNtHyny3IXWJOVQBHC7UWNJsCJw/132',1),('oxci95UTD-dmXisdAHlT-armQcfY','陶鑫','17386728642','一区五舍128',1,'https://thirdwx.qlogo.cn/mmopen/vi_32/Q0j4TwGTfTLyeNEWbJUqfRrPkOKstkz5YCRA6nVCMHlcvt6Df7EZibeK0D7kFBPNqpBlQFhBejeBG6mI2rPMH0w/132',1),('oxci95UvU51Kiky_xhJfWL3WKivk','','','',1,'https://thirdwx.qlogo.cn/mmopen/vi_32/Q0j4TwGTfTI1MqK71ITCXeiaeSqNaxSS7OVDxDyytVwoNKgialeohqzDSoeVKMbicv3icmkuJOwRWc4p6wRO0iaibtrg/132',1),('oxci95UXD9SKpyg4Rk38Tr4gnRMk','饶健坤','15259814930','16舍504',1,'https://thirdwx.qlogo.cn/mmopen/vi_32/Q0j4TwGTfTJfnxQNUia7BJKic1uiaNwxicUQe6CfLewrDwoxsDvjKXJFnHSEZfwtWEEL1DhpuVCa7s3oVr9F9NWXMw/132',1),('oxci95UZIXkX6saYmHzH7kHLlqlg','','','',1,'https://thirdwx.qlogo.cn/mmopen/vi_32/Cn7ob3l0sGDmibT1yibHF1P4TNiaRr7pAf7vdCVaM9akF7sLLg7crKJp1j1o85CNn9jPFUPA76adbLtJvuAMoPzuw/132',1),('oxci95V0PixGxuPvddxYiWvsZlZk','','','',1,'https://thirdwx.qlogo.cn/mmopen/vi_32/Q0j4TwGTfTKDic46swlunhnq5E2FFctMDKTlaIj1TBtacCYk2HplsGFLrhDicV4tAYZctAfKgzWFYyOXwu6Aibbqw/132',1),('oxci95V3XxETVzoPO5tgMT5PMG5o','','','',1,'https://thirdwx.qlogo.cn/mmopen/vi_32/ibaUZ1EZUxrqMLicWK5iaaibCItfRbcJIZPfpkpdlX1iaeljfmxez9gsQKZCtPVEPUbbSjZKUWmDVUOd0JsSaBsanSw/132',1),('oxci95VAVj4qIHnzlOp_TZ3-LefM','','','',1,'https://thirdwx.qlogo.cn/mmopen/vi_32/DYAIOgq83eowXq4W2OXOiakSom7nJKaLFqibrUlaTQjDxAwXwQ1vcymvkRNIs0Fgg0PQaOZTic9VNVVz8vroBSgSQ/132',1),('oxci95Vc2tJhsScYt44z_8rdi47c','','','',1,'https://thirdwx.qlogo.cn/mmopen/vi_32/Q0j4TwGTfTIhiaSrIzc6O53uup60xiciaIy47FLAeT0ptp5aeoiapq4Biar1a7VdCDx4nwmEibVpXy04kb2lydxnM22Q/132',1),('oxci95VeGK-Q5ixx3j8c6sVC5DcE','佘罗晨','15983501049','7舍401',1,'https://thirdwx.qlogo.cn/mmopen/vi_32/Q0j4TwGTfTKug7j7FSiaWwKmPzngf90dq4kGrGyQE648vLWzLwAiayfY4Tb2Dq44icCia3KbYGRiaj2n654agP11IGQ/132',1),('oxci95VeHiO9o8iKPAsBPK-cPFwI','','','',1,'https://thirdwx.qlogo.cn/mmopen/vi_32/ctAyibMcGO4dDUk3WpyrrNg9n7IF7SLJdu2icEfbTotia4UaySqpMBSic9jLiavWf6SkuGWjOqkltVMynwEDeOqX3sw/132',1),('oxci95VEnTnRVb98EmK-eQW5z7Tw','','','',1,'https://thirdwx.qlogo.cn/mmopen/vi_32/6aicnNx4FIkAaiaiaUBzJgRBdnnzXVnQFjpGM1phzy1JIC1J3f7hzDTe3NFHatedaEer3u0z6oajr3wnyYva1pricg/132',1),('oxci95VGO_gVABlQGCC-MIBnIo6g','宏','13483694452','2555',1,'https://thirdwx.qlogo.cn/mmopen/vi_32/DYAIOgq83eoMIcEt2QTKnsggzEX6BR0l2X6ICNetlmjkQjYUtzT2TagphWSP2qCUhOpv7tdoCJMibq5ibb1ib371g/132',1),('oxci95VKq0Cxc6dzovjiB6WEFy24','','','',1,'https://thirdwx.qlogo.cn/mmopen/vi_32/Q0j4TwGTfTIxrv7XYG5K0welcNj8XQbDiboDCwibJAhtezr82o3NybhBwRN9XgQafO0lSXa0b61Cpt3NazibrWOhw/132',1),('oxci95VMHgDtic2OzLC1sjviwBkA','','','',1,'https://thirdwx.qlogo.cn/mmopen/vi_32/Qz0icbxA0r2rMCg40z47M4CxVpc2Cunbw2NFicv6vDGicjGldicVjmve0yPMbB7NskSrhuo1iaCBTZxoWZGu5DAnf9A/132',1),('oxci95VNAezBdbzcMNN7t-KXjADY','','','',1,'https://thirdwx.qlogo.cn/mmopen/vi_32/DYAIOgq83epl4qRsj5hfq7QWdVdfpZ53275WHTvdHVePFUoXJZbQx7U0YAuq7XT19BXlSPBBgsEjcQM1EcxNsw/132',1),('oxci95Vp3dHowI-_z5PEyYXDe-OI','','','',1,'https://thirdwx.qlogo.cn/mmhead/icmv082120ltR8MG3dibcm0G0dLKUJyaDabHbhwwXnpicc/132',1),('oxci95Vps-ZixW6Yf6r8s9Y59N7w','','','',1,'https://thirdwx.qlogo.cn/mmopen/vi_32/IVAQvgdMcOQC59nwSW5mwaoceRPOX3InkdeOe2kMJEby7ul9TtplCGBd7MianhwhtejoAU8uicXNdyVCMb4XUP7w/132',1),('oxci95VQ2GrIzU1z1G9Hsg7Eew-4','','','',1,'https://thirdwx.qlogo.cn/mmopen/vi_32/CiaGDhXjoywYdH5UJC3Z3qd7urtXPZDksn67L1sMrKKMPpMdoeFqBPU8iaXYGiblGqAkylOdibicwiaibKu2gAaf0yW3g/132',1),('oxci95VTjFiRQx24ohY_nYd23cKk','贾月月','18383552728','3区19舍',2,'https://thirdwx.qlogo.cn/mmopen/vi_32/ErmnFHFNhDP9FPEVmt0FpHQCRiaGsfh2RO5ZYPI0aICJFzA1tibSqVSHlyTTficfNib5yqXGicV5g6kPAR0wJKexFyQ/132',1),('oxci95Vx605B--X2l6wfjSsigNnk','','','',1,'https://thirdwx.qlogo.cn/mmopen/vi_32/DYAIOgq83eqibR9ibUric31n9E5BJh4n24eeyia8AibnaaTXPWLeZdqLTIQUDX36BG3zF0dusVavFcgoRsDmp3RnzqA/132',1),('oxci95VYaHgFjnmCSzy--slKwlqM','1','13455484649','2区10舍null',1,'https://thirdwx.qlogo.cn/mmopen/vi_32/Q3auHgzwzM5yGEspQstjMdZjElNee3uVMYvSDs8JnXG8td3mZcSUrMula8zbiaBiaHPB79KmTFuPreGxRGff5oUg/132',1),('oxci95V_rnM6yMX50nl_F3zoe4fw','蒋文龙','19923024394','三区23舍b211',1,'https://thirdwx.qlogo.cn/mmopen/vi_32/RuRPrlkichY3oEVkeWGB3PxfSuGpPHqzXtCdic88hoQGz388QGJSVJjDRhqGPnJszMb1y5aX4MeVibzMVExMqv0Zg/132',1),('oxci95W-tlv-mhIIA-1ANqaoBBx0','','','',1,'https://thirdwx.qlogo.cn/mmopen/vi_32/k2OH4EHDFlrjZEk1a47lex4ake6QPb8Z7NqULVuWo4pQkA99ZYT2NqOGlRQTNOUS7QZUiboFB86tGkFosaicZ3mA/132',1),('oxci95W2yECMx40Gp7Dpj3rDxFCc','','','',1,'https://thirdwx.qlogo.cn/mmopen/vi_32/558bElSPic8CVCorlM8X9KtaR0pyUjgC2zpXTTuq2Sg6OYzOBxKYITZthchPssMOrI4YshXfBrCVH32jbtDYmIg/132',1),('oxci95W6GG4GG3ubZyYxZIfbriYg','周麟','18942896389','3区18舍null',2,'https://thirdwx.qlogo.cn/mmopen/vi_32/3AgCnMc899tI3xRSudjM6EcsyJviciaP8EvJTliaFQlUa3TSA4j3vz7OhMQpWNdZlJdhpsoXjWvhaCvUQI0yiaHmxA/132',1),('oxci95W9C8Yoc6onccsAMDNlA2rc','看见了吧','13677578541','信用卡拒绝了',2,'https://thirdwx.qlogo.cn/mmopen/vi_32/Q0j4TwGTfTJmqHVzKaU9PhWv4PxpiajxhNrIIuHibKwVM0CHLxjyDkw3UJLuYSOAO88KDOqR944icnPnRzmM8LGEw/132',1),('oxci95WFqC1HKV843qWgy1DlcX_Q','','','',1,'https://thirdwx.qlogo.cn/mmopen/vi_32/wPk8IicAoQaxnbcrfuzAEPsuIWFsfSBFU3T9GC3FricxuJ8JK29fDIic0EwdumXkJMqUeWBrL0S9pbH7leYovZCLw/132',1),('oxci95WiwHJ32PhGEY5VXTu7wW1s','李','18095052583','2区14舍407',2,'https://thirdwx.qlogo.cn/mmopen/vi_32/BveHVG5bICfJaJPksZOD7MHZur6FCVqPpKdPFPCUVSgPhvriaUE3dfcJ4LtiaNWQ2qunrxAd89lLsK3cEUUhDaibA/132',1),('oxci95Wk4CzhhxXx1W_23Ige__DA','','','',1,'https://thirdwx.qlogo.cn/mmopen/vi_32/H3X05gPrZGexjZJwjkxxSNY34FLIZq6spPzaMLFep98xNr89wf94ADpEBqibNICRw2bsXNaDicoS0BSoCyQrNMOA/132',1),('oxci95WkGdwKgAS281gZP9pO1_cU','','','',1,'https://thirdwx.qlogo.cn/mmopen/vi_32/ibz29q9Fpwf2iagiaaYA9NvfvZTMaqO3W6Md5KXJ8q6ne7tHxy6FH2VkGzYiclwcQiaVtm15fibdmYt8mB79ISd6BhnA/132',1),('oxci95WkGtV1jK2vqcK_tEcOssjc','','','',1,'https://thirdwx.qlogo.cn/mmhead/UIkJ3qibwpnE0pwWIA3DKdbic7nS79Jh1uY3lgYxFA0rM/132',1),('oxci95Wm1ZGWmIPcm6satgtsb9iA','','','',1,'https://thirdwx.qlogo.cn/mmopen/vi_32/ibpeBJThhRZB8qnemwXicZIuEkp0jZTYfxAiajlHQPicn3vNpiaGAPsDMYL8DZj9BMuoG1LAZgDliaG8MkibTSY5ezfTQ/132',1),('oxci95WMnx3BJg1HK-UKtsVMgp6k','','','',1,'https://thirdwx.qlogo.cn/mmopen/vi_32/C5YZ0NZfmTka6bgHhb61axxxUGnALeibFwlm2brMs0Solic4OhicYvuHeSn7pia1tUZLWAsZ1orR7S57qz4MKds1ow/132',1),('oxci95WMt4I9UxqMUHU5TzFvkpQQ','','','',1,'https://thirdwx.qlogo.cn/mmopen/vi_32/Q0j4TwGTfTI8ibdFyBs3LIIaP5WmzW7LEbD7qIJZIlzm19IMD1os9gsYXWXKiaA8vzbO2gb1o1aRsq8rTW50VicSw/132',1),('oxci95WP3PlnpXZJ3JoVHtvWVu9w','孙一鸣','18784117774','3区23舍a511',1,'https://thirdwx.qlogo.cn/mmopen/vi_32/PiajxSqBRaELyAGWG5Wq1t6N0Axaa3iaDYVkrhpj62MtLMDGAf1pfXXf1phGYY2EqpPxxKjvNmfnjfSKLbicZiaATg/132',1),('oxci95WqgxuOrNdu5IIQbG9I0PhE','','','',1,'https://thirdwx.qlogo.cn/mmopen/vi_32/1WZEQqDMGyHEzNLWeMu3I13IE2v3jPtDkMiavoqyDhK1Ev5ibYzC0RE6t2CgM7Cia6KMJibcLVTS6hia7wceLWMJlnQ/132',1),('oxci95WRkt92qW3ed587_9ztSlpM','','','',1,'https://thirdwx.qlogo.cn/mmopen/vi_32/Q0j4TwGTfTIyic1Nuh54Yxsia9b8ibpNmcA7V5JxiaDSB5KTD7TYibkJ4appWx7iavZvlujEnrhBvfGtIlFppJCZ5W7g/132',1),('oxci95WrL7w8_jt7U9io283_lytM','','','',1,'https://thirdwx.qlogo.cn/mmopen/vi_32/ad8ia0YRCPtBJb7FiaeH1UJffGjFjl9EauYmFLNatpwvWysVVEkbLIxBpTGxH8hwAkyicuY5GxE7l0icDS9osEdjuQ/132',1),('oxci95WsbiGnQ0vP2DgLsXNh4138','','','',1,'https://thirdwx.qlogo.cn/mmopen/vi_32/vNXCZmrJZOPib0iaeSyCGFArCvUnGWSV2KicMZ4nlT2orMYxtyiapMD4W3kLz4kLOUG6A6f1rC3CgGRIc5SII7qvzg/132',1),('oxci95WUvt6qlvoSli8vYnlbNEGE','','','',1,'https://thirdwx.qlogo.cn/mmopen/vi_32/Q0j4TwGTfTJySYSwibJenoVAe5P2PhFo1vXpiaAbQZmdXuBW0rZbWrGQFnF77OxTKDDQxTzSLBAYdTVx3DhhG7KA/132',1),('oxci95X-BVoeToTdO3iXSW8RUkSM','陈畅','15928023696','2区16舍314',1,'https://thirdwx.qlogo.cn/mmopen/vi_32/XGScD0eeK9ibibhUpRzKFJbibtYSD6dSUA2wA2U7IYEJaIsWAjdp6lsq3dVNJAM2XlaEC2kz6oSwibDuv6iclfiaZjAw/132',1),('oxci95X-iHGz3GPUmKZZJqBByYWk','','','',1,'https://thirdwx.qlogo.cn/mmopen/vi_32/Zlxl7thPQLd9LNYszD8icLChuxz1Zwr0TUaGPw8X805Rxgo4g4gWMLNkIo6CbNyrF8fh45meSic7QpuF2RzwyJUw/132',1),('oxci95X0qjUdKafBsxDUPafmXMkY','','','',1,'https://thirdwx.qlogo.cn/mmopen/vi_32/Q0j4TwGTfTKtuAySzp0MKj5TWdQgboMFiabcrWib7vZN4eZcbDBibQCicvmuBI0JrZ0VogUib49EHV0ngx6tTBIs7gA/132',1),('oxci95X3o75Cmlb68HCLSLltHC80','','','',1,'https://thirdwx.qlogo.cn/mmopen/vi_32/Q0j4TwGTfTKoXDjKcngv9MmQP2NOW2bjGCatTGtrryVfd5OaV1KnTriaUIwYibWOxpZBxaQ1ibCwViaOYpxpLVtMaw/132',1),('oxci95X7ifKy8p_19FzwxQ5IN4m0','沈杰','18308364842','3区23舍a510',1,'https://thirdwx.qlogo.cn/mmopen/vi_32/lT5WQX1qoiaqKzicMKCib3BFibSW3vZVHtEFwGbTTOreUaFya5CaFEfQiaY6lnZBwmSL7ntRZFMCBYibQlPp1733tQnQ/132',1),('oxci95XDXBkAKskgQEnvp1uXFQkk','','','',1,'https://thirdwx.qlogo.cn/mmopen/vi_32/GhZVQLLVzuHwvLZicXGAjfDI6p4voZheEJVDmnxBddvV6NBczOguhwU2jyNYBdzerwfmo2VfgcAqFt4KhIrZTgw/132',1),('oxci95XE1sypoNyPqoa9WVklYGZE','','','',1,'https://thirdwx.qlogo.cn/mmopen/vi_32/djvdD0Jibswum91roQI1n6gp8uZy8IJkzeRBJzibibBxKZVmU0UorvEdiahz6zzml1n1dv6O15zPBxHNpXTRe73HyA/132',1),('oxci95XeGQ2xBs36SibYO9gCBbdQ','石成越','13084167577','四政113',1,'https://thirdwx.qlogo.cn/mmopen/vi_32/Gs1gvZ9tW0qTias47Onl077TicUG6tkicZ8WwfkHRHvCeaR3prA0vdKauibpbTYQGD6spPbU8phQYnSPcv6DwKOUDg/132',1),('oxci95Xf4JMJuH4U-Rp3LTu-eITY','吴','18141372015','2区14舍null',2,'https://thirdwx.qlogo.cn/mmopen/vi_32/OYQh8KlUgMwhuSj6reviby4hFOdvH5eDhaSUakGdpOf1fPhxInuPFSdTDw1ocCPibNYIK4NI5mcQqBb7r1H2CDVQ/132',1),('oxci95XG1J3oZz_TFX2DUlgc1RXI','','','',1,'https://thirdwx.qlogo.cn/mmopen/vi_32/AZq6fh2gwBl9rVS56qtRJoibhMjl4m5u0uiczm0QfcsD0ETqw3ibxedfygGRoRlKrHVZLGe6qeuibkzW7SQ2sjicqvQ/132',1),('oxci95XipgSa6y5letQDVb_mpOIo','','','',1,'https://thirdwx.qlogo.cn/mmopen/vi_32/7Yic0nphm9QbMgKZ96TCmE0tjBMASoZUgRIOuoqmGUvbqQqwaubXvAMoGqv3KVgKwgl9f0o2j29ibFbM0Dg6IeFg/132',1),('oxci95Xlbqa7e119o4Eww2D9UbX4','','','',1,'https://thirdwx.qlogo.cn/mmopen/vi_32/JrN4b6WVb5xtuuticYA1y9fFbkLib1cCDgOzIicOx3lRhDZlLwNPzmeujAGAnribkC3oOqWFxbub3H0uht7TUFhodA/132',1),('oxci95XLr2feTedZNBgyxrV9hrl4','抽烟','13185806025','2区10舍null',1,'https://thirdwx.qlogo.cn/mmopen/vi_32/ZpowtV5FWmZFXpDMlmWYseL1u2Br7XGrrRFyqbu4nPHzsK01rGdKXdcWRBYhXhDyyj50ZicxDJvZVPQmcJtgaMQ/132',1),('oxci95XOw-LdgKJl18ILp6GDAAl0','胡大仙','18758962535','2区10舍null',2,'https://thirdwx.qlogo.cn/mmopen/vi_32/dXY87Nm1jlyuJWza7pV9icVgaBypSzJv2yulPcNhibt2Kriaay6IgE0y5v2f3uy6Mx5bDCeV9k2ibbbFoWTgm7ZENw/132',1),('oxci95Xpak8ux5sBl0QeAHGCy8AE','彭福银','18607831185','3区23舍null',1,'https://thirdwx.qlogo.cn/mmopen/vi_32/BCuE7HxUwVQxdI0vbIlB3WibNxGwy7ibJfLUHCdFia7iaeoCibQheyyPRXUzZmYicneOrkyDwXf9EhQ7HUNZJvR516JA/132',1),('oxci95XTMt0E_feGubZRbWbgmRCU','','','',1,'https://thirdwx.qlogo.cn/mmopen/vi_32/fdBsuPLlc7bNViakNy9pEysOtlROQ4rdOxIW4gciclJLb2frL3Op7rW3SuV51C7TJKEY11IftZFWHv3Rric9ribdibA/132',1),('oxci95XWaWg4CgsXUvKyTlhPABP0','任丽','17390484055','3区19舍A504',2,'https://thirdwx.qlogo.cn/mmopen/vi_32/z7tEbRbmB8Iltdd2twND8JKlNBpNZx94HcCibpIXLtTCTAVhwf55vrHoqtNO4jSJrqa3v9GaOcN5VV7KwYicXEicA/132',1),('oxci95XwPMDBhKbGIV5hK6Peu8j8','','','',1,'https://thirdwx.qlogo.cn/mmopen/vi_32/No5dRHre1iaOQPFRcw8gYDKPfJ4LlW2dKvOx8T9qn8JmEg0kGOXWRCkekaGswsibVSEfgwbxYnFXX91FaGiaGM1ew/132',1),('oxci95XwTzVP-aMAPE18jfnAPt9Q','','','',1,'https://thirdwx.qlogo.cn/mmhead/mq819qiaVnCqB94o6C7PnEVSF3mLyTEaichAdnw6eIRas/132',1),('oxci95XyDc5kqogNzt4IhRsxR5BA','','','',1,'https://thirdwx.qlogo.cn/mmopen/vi_32/wR3JRhiawxKp4TiaOiaW5slVANL4WKhm5ylHADjV3c0R6BBpWea0QMBunZzQkC8NeyYIuoiaT6g7tGCNYx4Kx2Y36A/132',1),('oxci95X_jymzjREewaZeQOPjfglE','王','17358982281','3区宿舍23舍B307',1,'https://thirdwx.qlogo.cn/mmopen/vi_32/Q0j4TwGTfTJQ8AP2ZQCmzJSyOPUdkAkIhJ18lQFHImvME0lP13EoU67DBKsNHA9H2fpc4EnvLhJmgkff8ejrAQ/132',1),('oxci95YADfp4S1EHX6loh0oRav9I','吴','15700308163','2区10舍512',1,'https://thirdwx.qlogo.cn/mmopen/vi_32/XIUbDe5MiaaEp8WK8rzryjMCLkvDpxY4DBic88aicJe2VaOAescF2wpc1GIPTyFBaJgwuzH8icW9xnkaTn6ibf1C3icg/132',1),('oxci95YB29Lrn1Tt_zSvAAtmO3Qo','','','',1,'https://thirdwx.qlogo.cn/mmopen/vi_32/uzbLqiaW8bprbgarwRl0EicrdTsoiaM2G5psrNW4qJ3lnXNzRBHDvXCibVF3ibMJlQN75Dia8gj8tG5RNJfKnXVD8dgQ/132',1),('oxci95Yc01WcgiNnRRzD_DUA1Kvo','','','',1,'https://thirdwx.qlogo.cn/mmopen/vi_32/mhSYbmpwSzWEF2icB4u4V1jZdJNfeEJFyYHAzXz5MnVIAtwpxItMhFzscD9E9YniaBh7INh4RyiaH090CqgC5licXQ/132',1),('oxci95YeTTX9wGL69LFVH-SEVwlg','','','',1,'https://thirdwx.qlogo.cn/mmopen/vi_32/Q0j4TwGTfTLV0iaCibvUoC3PtozkiapDz9KOLR6Uh6KKuMS7Q2OoAt7pHom0qF4LicM39RcGTnxc8zibeuycWNbsmibw/132',1),('oxci95YgEYlioZJAFIaiM9DVTm5A','王立博','13369496107','老区5舍530',1,'https://thirdwx.qlogo.cn/mmopen/vi_32/oiboHpgukqib3Wtj72AmkHnoicSqNELurZYDLv82fxjgNpfUEvSyIMGa6TEZ6TBHJ5EU7KNibzu5Y4nRDxxyw12zUg/132',1),('oxci95YGj97N0mum_9Dl4Inw3XJk','Jojo','18384990142','三区19舍B304',2,'https://thirdwx.qlogo.cn/mmopen/vi_32/g7ZJOWqTqXXmq4qwm7b28icAe6UYMad0YZ7ffqiavr4Gsdce4Fjy7rdiaZADyswvYn5BmbqnPQNvFasruC57Q7Kyg/132',1),('oxci95YiDitFZdfInINC7fMrQovU','','','',1,'https://thirdwx.qlogo.cn/mmopen/vi_32/Q0j4TwGTfTKIP71huY7W7P4ibDWXgUDT7YKhobrZXeoBbde7rRfjavCicly1HMcJu5dKId45hgsjqpu6fSHVNv0A/132',1),('oxci95Yj2iYWj7P--2C_UBpzA2oU','叶思怡','18808214337','2区13舍608',2,'https://thirdwx.qlogo.cn/mmopen/vi_32/TjekjnDdibGTqaNjgRxOa3Sw8UWutZNVKH9b3wrBKOKLCY1FmMlNXGCOJ3poPoRoCB95QhMAicSib2ic2Ip4b7l1yQ/132',1),('oxci95YjVie0sLX7xhOyYgD5kH4U','黎茂月','19112089967','2区13舍207',2,'https://thirdwx.qlogo.cn/mmopen/vi_32/Q0j4TwGTfTK9vP0sq9CPpiaup33WlKxwTmadLibP7Egr2kBIE8YwibptaI7HwuKBHoSrABjXA4v4OpdU72D1v1Uicg/132',1),('oxci95YnQpDoAy1G9AHr1EeLdTuc','','','',1,'https://thirdwx.qlogo.cn/mmopen/vi_32/8tcRfkatg7s0ZfHibQkSz83akXJaX0660WAic1rAzMjLRZYIxhUaDF5SibhNRGM7pOcNL5rMia6SU1kJYiatHzZsnuw/132',1),('oxci95Yo36RvGJfozqWMtNvwJuPI','','','',1,'https://thirdwx.qlogo.cn/mmopen/vi_32/QvGTWkdjtD8PgFp25jaqHyTlejrPcor8aricLIQghQxTTfFYM3DAtxcn0wgZXltSJvdwWTicA2UibePRBTcTU3uOA/132',1),('oxci95YocMErAZUX1y5AaizRkDmE','test','13066263774','2区10舍null',1,'https://thirdwx.qlogo.cn/mmopen/vi_32/1yezXAo3M81LSoDGSvZyN7e3apW5ia8l0tr0pDqgziafVvcrE4AictWNR2r7rPajy4gp0gRiblgp4jTU3Dbl6VBpmg/132',1),('oxci95YOnWWjNNFqDEyV1Xk2pgc0','','','',1,'https://thirdwx.qlogo.cn/mmhead/1spJvcdBmsEbQeelbaBDic8QMcmFdCGO97ox4aa0jegQ/132',1),('oxci95YOsEaCi4GB-9AMs8dXbvjo','','','',1,'https://thirdwx.qlogo.cn/mmopen/vi_32/5ic70xcxlx9icDhg9BZhicms5UribSQOwKribd6N0ygMAe6lDviaic2ia8XnHY98QE9mUyppX09erqp02BWWiaru38p1WSQ/132',1),('oxci95YPivomR8h8DFUamZsaO1os','','','',1,'https://thirdwx.qlogo.cn/mmopen/vi_32/Q0j4TwGTfTLRTKeOTtgBZdic87gS3pC2eKu4v97fzlXs8xyY6F8S52ricfpyVvSMSxzjuiaaj12ibZf4MblLF1UOUw/132',1),('oxci95Yv9IbPK0ZEYAeR4HLPDNgY','','','',1,'https://thirdwx.qlogo.cn/mmopen/vi_32/Q0j4TwGTfTKUfJtSHUmIYibSLYTT11U3kg2Efezg25lQMXN5YhhaRKibTgBVxzymQ8Tak0CibVZxTngzPkOlKgOYQ/132',1),('oxci95YXY4TvvJ4Aq0_Gm0W970XE','','','',1,'https://thirdwx.qlogo.cn/mmopen/vi_32/eEoodDVia0DzmsuZj0eHNEZxlcPYSfLSEwkHKvcXOJyavM6PQyNsK5rG2VsCh289sUEnPSHSavCCH2gfDgun3icQ/132',1),('oxci95Z2ciDNAKB5i8EMZYQ6t5Lw','','','',1,'https://thirdwx.qlogo.cn/mmopen/vi_32/tKvmZ3Vs4t6Vg7FgTSCtcBCiaChCAcWueWjjic2FcUX1E7EOjDtMnK5y28nYBX5gTSGZ7vRsp9zIkiaan6tZicibHgw/132',1),('oxci95Z4yQ_Na_VuXYCD7Kt5vNIY','','','',1,'https://thirdwx.qlogo.cn/mmopen/vi_32/OAiauicbZfyAJ4IAh8XUK0h1oLJzuOj25SfojPtybTE9f90jZlURs7odSovV5YoWiaJzO0SGQjNfI9n2yM1iaibzjcA/132',1),('oxci95Z5QSaw5wOnmonFY9YAGjcc','陈','15700192440','新素二楼',2,'https://thirdwx.qlogo.cn/mmopen/vi_32/Q0j4TwGTfTIkeG2mRZQSdfAZk86aQxooWL0tHibWKHvz8fYMqKt8KKkZhJNbKJ98iauOh4Zo62k9UsQElkNPgzqQ/132',1),('oxci95Z9xsfcwXwayFsu5JOyk0S0','','','',1,'https://thirdwx.qlogo.cn/mmopen/vi_32/Qib5pCn8cQrqzTh2WicQjKzy8qLz5YBwkDaUceMicHpdSeJPiaSgJK3aB0uve2oQIBe2zVvcPSMBw3tWyXvNL6Pa8A/132',1),('oxci95Zi5tRMsNwAKMiHDKa5mAqs','','','',1,'https://thirdwx.qlogo.cn/mmopen/vi_32/lpHJrtHiaxD0icQeV0rSaDeq8LpvWLgubE52PqTfWeJaBlYod77IsLiamElgznLXArmkckypWQUWIwIMXHKFEsicdw/132',1),('oxci95ZJncoRlmv7C4zAUBH3BVPc','殷茗馨','13195612086','2区13舍518',2,'https://thirdwx.qlogo.cn/mmopen/vi_32/W8H94jm8CiaObKS9edau0fH8QZibgnXOb1AvIsibdn63MKuxHg2GicnQpvSLLXgBEOYG8pINNVPwnEiaic0Ccyjq9zqg/132',1),('oxci95Zl6ae6upOiTrBmmq21TZwY','','','',1,'https://thirdwx.qlogo.cn/mmopen/vi_32/QY3t3oczkCiaqwb3oX27neuAicq63lCsXpxYhvP0smbNxTf8OhEUhFM5dzqcmXOickt6dtkWPRMUr7dD5tbDNpEmw/132',1),('oxci95ZLDfYwPsPXgIHgLNY0cSrs','','','',1,'https://thirdwx.qlogo.cn/mmopen/vi_32/M7NMVHPZjIFTQic2nVmLefYibCAoxZ4g9lBSjTibM07q0pOJYsgKCghM4jv03JwVbscYianINIsibwsV8Tv22eEFibdA/132',1),('oxci95ZOqtbaI6hXONsWEKJ8j76M','','','',1,'https://thirdwx.qlogo.cn/mmopen/vi_32/Q0j4TwGTfTJU80oTGSfKe5Fl2mvTbj8cMtBJFVkbO0hI4Bfiaib5z8Thl2eic3J2pf8AvOu5Bib3UKWCnQusvuZZmg/132',1),('oxci95ZpsfTkyRyS43f9cS-eGDpA','贺健','15574716071','长沙医学院10栋',1,'https://thirdwx.qlogo.cn/mmopen/vi_32/PiajxSqBRaEIu3IgUgHZEs5Fd6VFL7YSJjjs6QqPkXbvHNibOWjwt1MknJ1iaupsqr84icvGBNiaBnFTBsQK8jic1eww/132',1),('oxci95ZTpOpf4vJ0CLvAKkfI6EjM','','','',1,'https://thirdwx.qlogo.cn/mmopen/vi_32/Q0j4TwGTfTJ6ia6Gmf8rw39Ju0X1bJdJ7yXib69zg6fE2KE3OMwLib3Q4Tibsd12gMZ7o73N6ibPyic7C09HzicBsNJZQ/132',1),('oxci95ZTvgFAIMSaNd9OStLfkHcw','黄辉','18228651530','2区15舍309',1,'https://thirdwx.qlogo.cn/mmopen/vi_32/xtqVNhVcNTh4zRS9ldrTbNa1iaRk7J4EX7DXj9PiahummXUUT6uRpy0ib5njFwrno2ytuIzGNDYQlamxXPc3OTUwg/132',0),('ozcla5GmGBHYom7Om7wR7pHUX3RU','新用户fsfs','17058179047','',1,'https://thirdwx.qlogo.cn/mmopen/vi_32/5X8cBQWXx4kRx9JciaicibSV1iabKzqqOBGd5iaHYH41JUYHGicO5lIicdqtic878pzuaZI0Mb9LibUE5vRjs3k6T30Tlxw/132',1);

/*!40101 SET SQL_MODE=@OLD_SQL_MODE */;
/*!40014 SET FOREIGN_KEY_CHECKS=@OLD_FOREIGN_KEY_CHECKS */;
/*!40014 SET UNIQUE_CHECKS=@OLD_UNIQUE_CHECKS */;
/*!40111 SET SQL_NOTES=@OLD_SQL_NOTES */;
